CountryorArea,Year,Domestic supply quantity,Food,Food supply quantity (kg/capita/yr),Processing,Production
China,2019.0,209017.0,185678.0,126.69,916.0,211405.0
India,2019.0,161258.0,148173.0,108.44,1198.0,177645.0
Indonesia,2019.0,56853.0,48734.0,180.08,,54604.0
Bangladesh,2019.0,56795.0,43835.0,268.85,12.0,54586.0
Viet Nam,2019.0,27403.0,20533.0,212.86,510.0,43449.0
Thailand,2019.0,19340.0,10896.0,156.5,1303.0,28357.0
Myanmar,2019.0,23214.0,10564.0,195.47,4069.0,26270.0
Philippines,2019.0,22157.0,21099.0,195.15,14.0,18815.0
Pakistan,2019.0,5707.0,4272.0,19.73,37.0,11115.0
Cambodia,2019.0,9891.0,4048.0,245.51,0.0,10886.0
Japan,2019.0,11255.0,10146.0,79.98,491.0,10527.0
Brazil,2019.0,10349.0,7912.0,37.49,1236.0,10369.0
Nigeria,2019.0,8397.0,7975.0,39.69,0.0,8435.0
United States of America,2019.0,5489.0,3593.0,10.92,881.0,8377.0
Nepal,2019.0,6346.0,3969.0,138.74,20.0,5610.0
Republic of Korea,2019.0,5499.0,4275.0,83.45,964.0,5016.0
Egypt,2019.0,5437.0,5112.0,50.92,19.0,4804.0
Sri Lanka,2019.0,4076.0,3631.0,170.27,12.0,4592.0
Madagascar,2019.0,4934.0,4013.0,148.79,0.0,4231.0
Lao People's Democratic Republic,2019.0,3630.0,1674.0,233.52,230.0,3535.0
United Republic of Tanzania,2019.0,2939.0,2798.0,48.24,,3475.0
Mali,2019.0,3394.0,1494.0,76.01,,3196.0
Peru,2019.0,3738.0,2454.0,75.5,167.0,3188.0
Colombia,2019.0,3273.0,2676.0,53.16,217.0,3012.0
Malaysia,2019.0,3997.0,3575.0,111.9,38.0,2912.0
Democratic People's Republic of Korea,2019.0,3027.0,2698.0,105.14,0.0,2804.0
Guinea,2019.0,3340.0,1992.0,156.0,,2599.0
Iran (Islamic Republic of),2019.0,4181.0,3341.0,40.29,34.0,1993.0
Côte d'Ivoire,2019.0,3820.0,3115.0,121.11,46.0,1884.0
Other non-specified areas,2019.0,1733.0,1554.0,65.36,54.0,1791.0
Italy,2019.0,756.0,575.0,9.5,68.0,1493.0
Democratic Republic of the Congo,2019.0,1712.0,1574.0,18.14,,1379.0
Uruguay,2019.0,103.0,58.0,16.65,,1200.0
Argentina,2019.0,736.0,527.0,11.77,134.0,1190.0
Senegal,2019.0,2018.0,1879.0,115.29,1.0,1156.0
Ecuador,2019.0,1326.0,969.0,55.77,76.0,1100.0
Russian Federation,2019.0,1167.0,1079.0,7.39,,1099.0
Dominican Republic,2019.0,1010.0,805.0,74.96,59.0,1081.0
Paraguay,2019.0,85.0,32.0,4.49,,1069.0
Turkey,2019.0,1366.0,1315.0,15.76,,1000.0
Sierra Leone,2019.0,1507.0,1160.0,148.45,3.0,947.0
Ghana,2019.0,1384.0,1175.0,38.63,0.0,925.0
Spain,2019.0,713.0,524.0,11.22,113.0,779.0
Guyana,2019.0,282.0,90.0,114.94,4.0,682.0
Bolivia (Plurinational State of),2019.0,543.0,479.0,41.62,0.0,600.0
Iraq,2019.0,1948.0,1716.0,50.89,0.0,575.0
Kazakhstan,2019.0,310.0,220.0,11.84,,561.0
Venezuela (Bolivarian Republic of),2019.0,1222.0,1137.0,39.86,0.0,517.0
Nicaragua,2019.0,530.0,477.0,72.92,,468.0
Cuba,2019.0,1114.0,897.0,79.19,0.0,426.0
Benin,2019.0,1661.0,1046.0,88.62,12.0,406.0
Afghanistan,2019.0,617.0,577.0,15.16,,383.0
Mauritania,2019.0,299.0,281.0,62.15,,383.0
Burkina Faso,2019.0,730.0,701.0,34.51,0.0,377.0
Panama,2019.0,516.0,493.0,116.22,,372.0
Mozambique,2019.0,1320.0,1210.0,39.85,49.0,341.0
Uzbekistan,2019.0,332.0,302.0,9.15,3.0,315.0
Cameroon,2019.0,1435.0,1197.0,46.26,,313.0
Chad,2019.0,276.0,222.0,13.95,0.0,291.0
Suriname,2019.0,213.0,60.0,103.59,0.0,274.0
Liberia,2019.0,633.0,575.0,116.5,1.0,269.0
Uganda,2019.0,372.0,356.0,8.04,,255.0
Mexico,2019.0,1353.0,1048.0,8.21,250.0,245.0
Burundi,2019.0,117.0,88.0,7.6,15.0,241.0
Greece,2019.0,100.0,71.0,6.83,5.0,221.0
Guinea-Bissau,2019.0,308.0,263.0,136.88,,187.0
Haiti,2019.0,840.0,825.0,73.22,,177.0
Chile,2019.0,358.0,253.0,13.34,80.0,175.0
Ethiopia,2019.0,462.0,456.0,4.07,0.0,171.0
Kenya,2019.0,1127.0,1116.0,21.22,0.0,161.0
Costa Rica,2019.0,364.0,342.0,67.8,0.0,154.0
Portugal,2019.0,169.0,164.0,16.08,,153.0
Togo,2019.0,260.0,170.0,21.09,0.0,147.0
Malawi,2019.0,142.0,135.0,7.25,,133.0
Rwanda,2019.0,166.0,141.0,11.2,,132.0
Turkmenistan,2019.0,135.0,118.0,19.94,,130.0
Niger,2019.0,892.0,880.0,37.75,0.0,122.0
Tajikistan,2019.0,132.0,126.0,13.49,,106.0
France,2019.0,715.0,533.0,8.19,14.0,83.0
Timor-Leste,2019.0,156.0,148.0,114.15,,80.0
Bulgaria,2019.0,49.0,26.0,3.71,0.0,71.0
Australia,2019.0,485.0,358.0,14.19,126.0,67.0
Australia and New Zealand,2019.0,538.0,408.0,13.61,128.0,67.0
Morocco,2019.0,86.0,77.0,2.1,,65.0
Honduras,2019.0,235.0,221.0,22.64,9.0,57.0
Ukraine,2019.0,174.0,162.0,3.68,,55.0
Guatemala,2019.0,163.0,160.0,9.09,,42.0
Kyrgyzstan,2019.0,38.0,35.0,5.53,0.0,41.0
Romania,2019.0,121.0,112.0,5.8,,40.0
Comoros,2019.0,117.0,100.0,117.7,,36.0
Sudan,2019.0,56.0,53.0,1.23,,32.0
Zambia,2019.0,56.0,52.0,2.89,,30.0
El Salvador,2019.0,119.0,94.0,14.6,23.0,28.0
Gambia,2019.0,206.0,197.0,84.0,,22.0
North Macedonia,2019.0,14.0,8.0,3.72,,21.0
Belize,2019.0,16.0,14.0,36.25,,14.0
Azerbaijan,2019.0,30.0,28.0,2.83,,11.0
Hungary,2019.0,74.0,66.0,6.78,,11.0
Angola,2019.0,728.0,622.0,19.55,,10.0
Central African Republic,2019.0,31.0,29.0,6.21,,10.0
Melanesia,2019.0,395.0,372.0,34.04,1.0,9.0
Fiji,2019.0,60.0,55.0,62.01,1.0,6.0
Solomon Islands,2019.0,78.0,60.0,89.45,,3.0
South Africa,2019.0,1401.0,1246.0,21.27,153.0,3.0
Gabon,2019.0,120.0,120.0,55.23,,2.0
Zimbabwe,2019.0,70.0,70.0,4.77,0.0,2.0
Congo,2019.0,130.0,96.0,17.86,32.0,1.0
Eswatini,2019.0,42.0,41.0,36.1,0.0,1.0
Papua New Guinea,2019.0,238.0,238.0,27.07,,1.0
Trinidad and Tobago,2019.0,41.0,24.0,17.31,15.0,1.0
Albania,2019.0,35.0,35.0,12.27,,0.0
Algeria,2019.0,162.0,162.0,3.76,,0.0
Antigua and Barbuda,2019.0,2.0,1.0,12.25,0.0,0.0
Armenia,2019.0,8.0,8.0,2.61,0.0,0.0
Austria,2019.0,60.0,49.0,5.44,9.0,0.0
Belgium,2019.0,95.0,130.0,11.3,3.0,0.0
Bosnia and Herzegovina,2019.0,11.0,11.0,3.39,,0.0
Botswana,2019.0,27.0,26.0,11.49,0.0,0.0
Cabo Verde,2019.0,61.0,45.0,81.85,,0.0
Canada,2019.0,613.0,547.0,14.61,33.0,0.0
"China, Hong Kong SAR",2019.0,461.0,443.0,59.6,0.0,0.0
Croatia,2019.0,10.0,10.0,2.52,0.0,0.0
Cyprus,2019.0,7.0,6.0,5.08,,0.0
Czechia,2019.0,105.0,73.0,6.87,0.0,0.0
Denmark,2019.0,59.0,28.0,4.94,0.0,0.0
Estonia,2019.0,4.0,3.0,2.62,,0.0
Finland,2019.0,27.0,26.0,4.7,0.0,0.0
Germany,2019.0,395.0,394.0,4.72,0.0,0.0
Iceland,2019.0,2.0,1.0,4.37,,0.0
Ireland,2019.0,25.0,20.0,4.15,,0.0
Israel,2019.0,141.0,144.0,16.89,,0.0
Jamaica,2019.0,125.0,108.0,36.7,11.0,0.0
Jordan,2019.0,205.0,205.0,20.27,,0.0
Latvia,2019.0,6.0,5.0,2.86,,0.0
Libya,2019.0,193.0,152.0,22.47,,0.0
Lithuania,2019.0,9.0,9.0,3.24,,0.0
Luxembourg,2019.0,3.0,3.0,4.48,,0.0
Malta,2019.0,3.0,3.0,5.83,,0.0
Mauritius,2019.0,77.0,69.0,54.29,,0.0
Namibia,2019.0,26.0,25.0,10.19,,0.0
Netherlands,2019.0,136.0,67.0,3.89,,0.0
New Zealand,2019.0,52.0,50.0,10.55,2.0,0.0
Poland,2019.0,161.0,114.0,3.0,16.0,0.0
Polynesia,2019.0,15.0,11.0,23.53,,0.0
Republic of Moldova,2019.0,14.0,14.0,3.56,,0.0
Saint Vincent and the Grenadines,2019.0,4.0,2.0,17.86,,0.0
Samoa,2019.0,7.0,3.0,14.92,,0.0
Saudi Arabia,2019.0,1831.0,1825.0,53.25,,0.0
Slovakia,2019.0,25.0,14.0,2.56,0.0,0.0
Slovenia,2019.0,7.0,7.0,3.3,0.0,0.0
Sweden,2019.0,63.0,61.0,6.05,,0.0
Switzerland,2019.0,115.0,22.0,2.52,,0.0
Syrian Arab Republic,2019.0,190.0,179.0,10.46,11.0,0.0
United Arab Emirates,2019.0,585.0,261.0,26.75,,0.0
United Kingdom of Great Britain and Northern Ireland,2019.0,693.0,502.0,7.43,106.0,0.0
Yemen,2019.0,834.0,834.0,28.61,0.0,0.0
Bahamas,2019.0,8.0,8.0,20.02,0.0,
Barbados,2019.0,5.0,4.0,15.42,,
Belarus,2019.0,27.0,27.0,2.81,0.0,
"China, Macao SAR",2019.0,37.0,37.0,57.36,,
Djibouti,2019.0,317.0,48.0,49.38,,
Dominica,2019.0,1.0,1.0,9.14,,
French Polynesia,2019.0,8.0,8.0,29.61,,
Georgia,2019.0,10.0,9.0,2.36,0.0,
Grenada,2019.0,2.0,2.0,14.41,,
Kiribati,2019.0,11.0,8.0,66.61,,
Kuwait,2019.0,219.0,219.0,51.98,,
Lebanon,2019.0,83.0,86.0,12.49,,
Lesotho,2019.0,15.0,14.0,6.39,,
Maldives,2019.0,33.0,28.0,52.5,,
Micronesia,2019.0,11.0,8.0,66.61,,
Mongolia,2019.0,26.0,26.0,8.02,,
Montenegro,2019.0,1.0,1.0,1.85,,
New Caledonia,2019.0,6.0,6.0,20.92,,
Norway,2019.0,0.0,25.0,4.65,,
Oman,2019.0,256.0,254.0,51.13,,
Saint Kitts and Nevis,2019.0,1.0,1.0,23.64,,
Saint Lucia,2019.0,3.0,2.0,9.5,0.0,
Sao Tome and Principe,2019.0,7.0,7.0,34.11,,
Serbia,2019.0,10.0,8.0,0.93,,
Seychelles,2019.0,6.0,3.0,33.03,,
Tunisia,2019.0,18.0,18.0,1.53,,
Vanuatu,2019.0,13.0,13.0,43.51,,
China,2018.0,206637.0,182834.0,125.28,929.0,214079.0
India,2018.0,147014.0,134380.0,99.35,1036.0,174717.0
Indonesia,2018.0,62072.0,53389.0,199.46,,59201.0
Bangladesh,2018.0,56056.0,43194.0,267.66,12.0,54416.0
Viet Nam,2018.0,27967.0,20566.0,215.24,766.0,44046.0
Thailand,2018.0,19897.0,11343.0,163.38,1050.0,32348.0
Myanmar,2018.0,25196.0,10485.0,195.23,4185.0,27574.0
Philippines,2018.0,20444.0,19384.0,181.75,3.0,19066.0
Brazil,2018.0,11852.0,8978.0,42.86,1505.0,11808.0
Cambodia,2018.0,10144.0,4047.0,249.04,0.0,10892.0
Pakistan,2018.0,5045.0,4278.0,20.16,21.0,10803.0
United States of America,2018.0,5510.0,3629.0,11.1,882.0,10153.0
Japan,2018.0,11387.0,10314.0,81.08,488.0,9728.0
Nigeria,2018.0,7643.0,7223.0,36.88,0.0,8403.0
Republic of Korea,2018.0,5746.0,4502.0,87.99,1006.0,5195.0
Nepal,2018.0,6198.0,3893.0,138.55,20.0,5152.0
Madagascar,2018.0,4769.0,3891.0,148.17,0.0,4030.0
Sri Lanka,2018.0,4008.0,3606.0,169.88,11.0,3930.0
Lao People's Democratic Republic,2018.0,3775.0,1717.0,243.12,181.0,3585.0
Peru,2018.0,3789.0,2437.0,76.19,167.0,3558.0
United Republic of Tanzania,2018.0,2544.0,2409.0,42.78,,3415.0
Mali,2018.0,3344.0,1465.0,76.77,,3168.0
Egypt,2018.0,4775.0,4523.0,45.95,1.0,3124.0
Colombia,2018.0,3113.0,2637.0,53.09,212.0,2945.0
Malaysia,2018.0,3801.0,3376.0,107.06,34.0,2639.0
Guinea,2018.0,3231.0,2012.0,162.11,,2340.0
Democratic People's Republic of Korea,2018.0,2751.0,2495.0,97.64,0.0,2088.0
Côte d'Ivoire,2018.0,3802.0,3037.0,121.16,46.0,2007.0
Iran (Islamic Republic of),2018.0,4312.0,3467.0,42.38,37.0,1990.0
Other non-specified areas,2018.0,1778.0,1606.0,67.69,56.0,1950.0
Italy,2018.0,721.0,514.0,8.48,88.0,1512.0
Argentina,2018.0,827.0,621.0,14.0,120.0,1368.0
Ecuador,2018.0,1428.0,1038.0,60.78,70.0,1350.0
Democratic Republic of the Congo,2018.0,1568.0,1453.0,17.29,,1287.0
Uruguay,2018.0,105.0,58.0,16.79,,1247.0
Senegal,2018.0,2153.0,1897.0,119.64,1.0,1207.0
Russian Federation,2018.0,1192.0,1108.0,7.6,,1038.0
Dominican Republic,2018.0,968.0,790.0,74.31,52.0,965.0
Guyana,2018.0,619.0,89.0,114.55,3.0,964.0
Turkey,2018.0,1361.0,1313.0,15.95,,940.0
Sierra Leone,2018.0,1565.0,1195.0,156.24,3.0,920.0
Paraguay,2018.0,75.0,30.0,4.34,,895.0
Spain,2018.0,694.0,526.0,11.26,88.0,808.0
Ghana,2018.0,1303.0,1122.0,37.7,0.0,769.0
Venezuela (Bolivarian Republic of),2018.0,1660.0,1311.0,45.4,0.0,699.0
Australia,2018.0,452.0,340.0,13.66,99.0,635.0
Australia and New Zealand,2018.0,504.0,390.0,13.16,101.0,635.0
Bolivia (Plurinational State of),2018.0,531.0,473.0,41.66,0.0,541.0
Kazakhstan,2018.0,324.0,208.0,11.35,,483.0
Cuba,2018.0,1074.0,881.0,77.67,0.0,461.0
Benin,2018.0,1776.0,1002.0,87.25,12.0,459.0
Mozambique,2018.0,1174.0,1069.0,36.25,40.0,413.0
Nicaragua,2018.0,482.0,434.0,67.06,,365.0
Afghanistan,2018.0,797.0,735.0,19.78,,352.0
Burkina Faso,2018.0,571.0,541.0,27.38,0.0,350.0
Panama,2018.0,560.0,546.0,130.65,,350.0
Cameroon,2018.0,1274.0,1089.0,43.19,,300.0
Mexico,2018.0,1330.0,1054.0,8.35,240.0,284.0
Suriname,2018.0,179.0,60.0,103.33,0.0,274.0
Chad,2018.0,262.0,214.0,13.81,0.0,260.0
Liberia,2018.0,581.0,528.0,109.52,1.0,258.0
Greece,2018.0,77.0,49.0,4.67,6.0,233.0
Mauritania,2018.0,295.0,283.0,64.35,,232.0
Uzbekistan,2018.0,255.0,226.0,6.95,3.0,221.0
Uganda,2018.0,321.0,308.0,7.21,,199.0
Chile,2018.0,348.0,250.0,13.35,78.0,193.0
Guinea-Bissau,2018.0,297.0,252.0,134.32,,176.0
Ethiopia,2018.0,430.0,422.0,3.86,0.0,172.0
Haiti,2018.0,754.0,737.0,66.3,,165.0
Portugal,2018.0,174.0,169.0,16.47,,161.0
Costa Rica,2018.0,351.0,331.0,66.18,0.0,158.0
Togo,2018.0,265.0,149.0,18.84,0.0,145.0
Turkmenistan,2018.0,136.0,115.0,19.61,,130.0
Rwanda,2018.0,176.0,153.0,12.48,,120.0
Kenya,2018.0,955.0,948.0,18.45,0.0,113.0
Malawi,2018.0,117.0,112.0,6.16,,112.0
Niger,2018.0,350.0,677.0,30.18,0.0,102.0
Tajikistan,2018.0,120.0,113.0,12.47,,90.0
Burundi,2018.0,106.0,85.0,7.6,15.0,89.0
France,2018.0,660.0,486.0,7.25,13.0,73.0
Ukraine,2018.0,191.0,170.0,3.85,,69.0
Bulgaria,2018.0,37.0,24.0,3.37,0.0,63.0
Morocco,2018.0,84.0,74.0,2.06,,63.0
Honduras,2018.0,240.0,225.0,23.48,9.0,60.0
Timor-Leste,2018.0,148.0,141.0,111.33,,57.0
Romania,2018.0,100.0,90.0,4.64,,43.0
Zambia,2018.0,57.0,51.0,2.91,,43.0
Kyrgyzstan,2018.0,45.0,43.0,6.76,0.0,41.0
Guatemala,2018.0,156.0,153.0,8.9,,33.0
Comoros,2018.0,100.0,95.0,114.66,,31.0
Sudan,2018.0,70.0,66.0,1.58,,30.0
Gambia,2018.0,208.0,193.0,84.56,,26.0
El Salvador,2018.0,122.0,95.0,14.83,26.0,23.0
North Macedonia,2018.0,13.0,8.0,3.68,,20.0
Iraq,2018.0,1841.0,1660.0,50.36,0.0,18.0
Belize,2018.0,15.0,14.0,35.31,,13.0
Azerbaijan,2018.0,29.0,27.0,2.72,,12.0
Central African Republic,2018.0,37.0,35.0,7.48,,12.0
Hungary,2018.0,71.0,64.0,6.59,,12.0
Melanesia,2018.0,398.0,377.0,35.16,1.0,11.0
Angola,2018.0,731.0,618.0,20.05,,10.0
Fiji,2018.0,62.0,57.0,64.59,1.0,7.0
Solomon Islands,2018.0,74.0,59.0,91.01,,3.0
South Africa,2018.0,1455.0,1303.0,22.54,150.0,3.0
Gabon,2018.0,117.0,117.0,55.33,,2.0
Zimbabwe,2018.0,38.0,38.0,2.6,0.0,2.0
Congo,2018.0,126.0,88.0,16.73,37.0,1.0
Eswatini,2018.0,43.0,41.0,36.29,1.0,1.0
Papua New Guinea,2018.0,242.0,242.0,28.15,,1.0
Trinidad and Tobago,2018.0,33.0,21.0,15.25,8.0,1.0
Albania,2018.0,38.0,38.0,13.33,,0.0
Algeria,2018.0,160.0,160.0,3.78,,0.0
Antigua and Barbuda,2018.0,2.0,1.0,11.35,0.0,0.0
Armenia,2018.0,11.0,11.0,3.71,0.0,0.0
Austria,2018.0,60.0,49.0,5.51,9.0,0.0
Belgium,2018.0,141.0,126.0,10.94,10.0,0.0
Bosnia and Herzegovina,2018.0,10.0,10.0,2.98,,0.0
Botswana,2018.0,29.0,28.0,12.59,0.0,0.0
Cabo Verde,2018.0,54.0,42.0,77.71,,0.0
Canada,2018.0,533.0,476.0,12.83,21.0,0.0
"China, Hong Kong SAR",2018.0,472.0,455.0,61.67,0.0,0.0
"China, Macao SAR",2018.0,36.0,36.0,57.63,,0.0
Croatia,2018.0,10.0,10.0,2.5,0.0,0.0
Czechia,2018.0,93.0,71.0,6.62,0.0,0.0
Denmark,2018.0,61.0,25.0,4.4,0.0,0.0
Finland,2018.0,25.0,26.0,4.62,0.0,0.0
Germany,2018.0,404.0,395.0,4.75,0.0,0.0
Iceland,2018.0,2.0,1.0,4.24,,0.0
Israel,2018.0,141.0,142.0,16.94,,0.0
Jamaica,2018.0,127.0,109.0,36.99,12.0,0.0
Jordan,2018.0,187.0,187.0,18.74,,0.0
Lebanon,2018.0,78.0,78.0,11.31,,0.0
Libya,2018.0,241.0,177.0,26.5,,0.0
Mauritius,2018.0,76.0,69.0,54.57,,0.0
Namibia,2018.0,22.0,22.0,9.0,,0.0
Netherlands,2018.0,127.0,78.0,4.57,,0.0
New Zealand,2018.0,52.0,50.0,10.57,1.0,0.0
Poland,2018.0,150.0,112.0,2.95,14.0,0.0
Polynesia,2018.0,16.0,13.0,26.47,,0.0
Republic of Moldova,2018.0,13.0,13.0,3.29,,0.0
Saint Vincent and the Grenadines,2018.0,3.0,1.0,9.35,,0.0
Samoa,2018.0,6.0,3.0,13.74,,0.0
Saudi Arabia,2018.0,1882.0,1873.0,55.58,,0.0
Slovakia,2018.0,24.0,13.0,2.38,0.0,0.0
Sweden,2018.0,67.0,62.0,6.2,,0.0
Switzerland,2018.0,107.0,21.0,2.5,,0.0
Syrian Arab Republic,2018.0,226.0,213.0,12.55,14.0,0.0
United Arab Emirates,2018.0,602.0,266.0,27.66,,0.0
United Kingdom of Great Britain and Northern Ireland,2018.0,606.0,454.0,6.76,88.0,0.0
Yemen,2018.0,777.0,777.0,27.26,0.0,0.0
Bahamas,2018.0,8.0,8.0,19.66,0.0,
Barbados,2018.0,6.0,5.0,16.85,,
Belarus,2018.0,28.0,28.0,2.94,0.0,
Cyprus,2018.0,7.0,6.0,5.08,,
Djibouti,2018.0,241.0,47.0,48.74,,
Dominica,2018.0,1.0,1.0,9.57,,
Estonia,2018.0,3.0,3.0,2.33,,
French Polynesia,2018.0,10.0,10.0,35.45,,
Georgia,2018.0,10.0,10.0,2.46,0.0,
Grenada,2018.0,2.0,2.0,14.57,,
Ireland,2018.0,24.0,20.0,4.17,,
Kiribati,2018.0,9.0,8.0,68.16,,
Kuwait,2018.0,214.0,214.0,51.72,,
Latvia,2018.0,6.0,6.0,2.86,,
Lesotho,2018.0,17.0,15.0,7.04,,
Lithuania,2018.0,9.0,9.0,3.09,,
Luxembourg,2018.0,3.0,3.0,4.53,,
Maldives,2018.0,32.0,27.0,52.3,,
Malta,2018.0,3.0,2.0,5.51,,
Micronesia,2018.0,9.0,8.0,68.16,,
Mongolia,2018.0,29.0,29.0,9.12,,
Montenegro,2018.0,1.0,1.0,2.07,,
New Caledonia,2018.0,6.0,6.0,20.41,,
Norway,2018.0,0.0,25.0,4.69,,
Oman,2018.0,233.0,232.0,48.13,,
Saint Kitts and Nevis,2018.0,1.0,1.0,24.33,,
Saint Lucia,2018.0,3.0,1.0,7.98,0.0,
Sao Tome and Principe,2018.0,7.0,7.0,33.49,,
Serbia,2018.0,10.0,8.0,0.96,,
Seychelles,2018.0,8.0,4.0,45.58,,
Slovenia,2018.0,8.0,7.0,3.37,0.0,
Tunisia,2018.0,17.0,17.0,1.43,,
Vanuatu,2018.0,13.0,12.0,41.92,,
China,2017.0,203259.0,179388.0,123.49,1064.0,214430.0
India,2017.0,147342.0,135315.0,101.08,674.0,168500.0
Indonesia,2017.0,58122.0,52071.0,196.75,,55252.0
Bangladesh,2017.0,56094.0,41294.0,258.6,11.0,54148.0
Viet Nam,2017.0,27724.0,20615.0,217.92,814.0,42764.0
Thailand,2017.0,18706.0,10608.0,153.28,657.0,32899.0
Myanmar,2017.0,24085.0,10447.0,195.69,4027.0,26546.0
Philippines,2017.0,20183.0,19109.0,181.69,3.0,19276.0
Brazil,2017.0,12536.0,9789.0,47.1,1291.0,12465.0
Pakistan,2017.0,5259.0,4154.0,19.98,16.0,11175.0
Cambodia,2017.0,9634.0,3847.0,240.29,0.0,10518.0
Japan,2017.0,11357.0,10408.0,81.63,490.0,9780.0
United States of America,2017.0,5171.0,3466.0,10.66,880.0,8084.0
Nigeria,2017.0,7499.0,7105.0,37.22,0.0,7826.0
Republic of Korea,2017.0,5799.0,4546.0,88.96,1035.0,5286.0
Nepal,2017.0,6045.0,3810.0,137.87,21.0,5230.0
Egypt,2017.0,5445.0,5113.0,53.02,2.0,4961.0
Lao People's Democratic Republic,2017.0,4275.0,1690.0,243.06,203.0,4040.0
Madagascar,2017.0,4540.0,3735.0,146.06,0.0,3601.0
Colombia,2017.0,3300.0,2623.0,53.63,201.0,3293.0
Peru,2017.0,3729.0,2401.0,76.34,146.0,3116.0
Mali,2017.0,2968.0,1379.0,74.48,,2708.0
Malaysia,2017.0,4011.0,3587.0,115.31,26.0,2571.0
United Republic of Tanzania,2017.0,2109.0,1997.0,36.53,,2452.0
Democratic People's Republic of Korea,2017.0,2987.0,2722.0,107.03,0.0,2383.0
Sri Lanka,2017.0,3862.0,3589.0,169.88,26.0,2383.0
Guinea,2017.0,3012.0,1865.0,154.52,,2198.0
Côte d'Ivoire,2017.0,3787.0,2959.0,121.08,42.0,2120.0
Iran (Islamic Republic of),2017.0,4261.0,3433.0,42.55,32.0,1956.0
Other non-specified areas,2017.0,1812.0,1623.0,68.54,56.0,1754.0
Italy,2017.0,782.0,575.0,9.47,73.0,1598.0
Uruguay,2017.0,111.0,57.0,16.71,,1410.0
Argentina,2017.0,755.0,550.0,12.51,122.0,1328.0
Democratic Republic of the Congo,2017.0,1315.0,1208.0,14.84,,1213.0
Ecuador,2017.0,1302.0,952.0,56.69,64.0,1067.0
Senegal,2017.0,2085.0,1859.0,120.54,1.0,1011.0
Russian Federation,2017.0,1287.0,1210.0,8.32,,987.0
Paraguay,2017.0,109.0,62.0,9.09,,924.0
Dominican Republic,2017.0,882.0,783.0,74.5,42.0,905.0
Turkey,2017.0,1342.0,1297.0,15.98,,900.0
Sierra Leone,2017.0,1553.0,1140.0,152.22,3.0,897.0
Spain,2017.0,694.0,547.0,11.72,80.0,835.0
Australia,2017.0,530.0,366.0,14.88,148.0,807.0
Australia and New Zealand,2017.0,580.0,414.0,14.12,149.0,807.0
Ghana,2017.0,1360.0,1192.0,40.92,1.0,722.0
Guyana,2017.0,358.0,89.0,114.24,3.0,630.0
Venezuela (Bolivarian Republic of),2017.0,1319.0,1036.0,35.24,0.0,589.0
Kazakhstan,2017.0,271.0,186.0,10.28,,489.0
Bolivia (Plurinational State of),2017.0,517.0,464.0,41.47,0.0,479.0
Nicaragua,2017.0,483.0,439.0,68.8,,423.0
Cuba,2017.0,1077.0,862.0,76.06,0.0,405.0
Uzbekistan,2017.0,301.0,264.0,8.26,3.0,395.0
Afghanistan,2017.0,739.0,700.0,19.28,,338.0
Burkina Faso,2017.0,656.0,627.0,32.69,0.0,326.0
Panama,2017.0,511.0,502.0,122.29,,316.0
Suriname,2017.0,158.0,59.0,103.5,6.0,289.0
Benin,2017.0,2490.0,992.0,88.74,11.0,279.0
Iraq,2017.0,1767.0,1567.0,48.66,0.0,266.0
Mexico,2017.0,1370.0,1083.0,8.68,221.0,266.0
Chad,2017.0,263.0,208.0,13.82,0.0,264.0
Cameroon,2017.0,1352.0,1036.0,42.19,,260.0
Greece,2017.0,50.0,43.0,4.09,5.0,255.0
Liberia,2017.0,565.0,512.0,108.8,1.0,247.0
Mauritania,2017.0,299.0,286.0,66.86,,247.0
Uganda,2017.0,391.0,377.0,9.15,,189.0
Guinea-Bissau,2017.0,269.0,244.0,133.49,,186.0
Portugal,2017.0,205.0,199.0,19.36,,180.0
Haiti,2017.0,744.0,729.0,66.34,,179.0
Costa Rica,2017.0,336.0,315.0,63.66,0.0,153.0
Ethiopia,2017.0,366.0,358.0,3.37,0.0,151.0
Togo,2017.0,321.0,172.0,22.37,0.0,141.0
Mozambique,2017.0,1174.0,1105.0,38.58,36.0,138.0
Turkmenistan,2017.0,125.0,105.0,18.25,,130.0
Chile,2017.0,326.0,245.0,13.26,76.0,128.0
Malawi,2017.0,122.0,116.0,6.56,,121.0
Niger,2017.0,101.0,637.0,29.51,0.0,113.0
Rwanda,2017.0,171.0,151.0,12.58,,109.0
Tajikistan,2017.0,120.0,114.0,12.79,,98.0
France,2017.0,684.0,506.0,7.57,9.0,93.0
Burundi,2017.0,114.0,93.0,8.56,16.0,88.0
Timor-Leste,2017.0,135.0,125.0,100.72,,88.0
Kenya,2017.0,1001.0,996.0,19.83,0.0,81.0
Ukraine,2017.0,191.0,169.0,3.79,,64.0
Honduras,2017.0,228.0,215.0,22.79,8.0,60.0
Bulgaria,2017.0,25.0,17.0,2.45,0.0,59.0
Morocco,2017.0,75.0,69.0,1.93,,58.0
Romania,2017.0,94.0,87.0,4.45,,43.0
Kyrgyzstan,2017.0,52.0,49.0,7.93,0.0,38.0
Zambia,2017.0,44.0,39.0,2.3,,38.0
Guatemala,2017.0,155.0,152.0,9.0,,32.0
Sudan,2017.0,76.0,71.0,1.74,,32.0
Comoros,2017.0,100.0,95.0,116.68,,31.0
El Salvador,2017.0,122.0,94.0,14.67,26.0,30.0
Gambia,2017.0,217.0,205.0,92.74,,30.0
Belize,2017.0,19.0,15.0,40.38,,19.0
North Macedonia,2017.0,13.0,7.0,3.57,,17.0
Azerbaijan,2017.0,26.0,24.0,2.45,,16.0
Melanesia,2017.0,382.0,357.0,33.98,1.0,13.0
Central African Republic,2017.0,35.0,33.0,7.25,,12.0
Hungary,2017.0,78.0,64.0,6.53,,12.0
Angola,2017.0,692.0,601.0,20.15,,9.0
Fiji,2017.0,62.0,55.0,63.24,1.0,9.0
Solomon Islands,2017.0,77.0,59.0,92.75,,3.0
South Africa,2017.0,1530.0,1300.0,22.81,228.0,3.0
Gabon,2017.0,119.0,119.0,57.64,,2.0
Trinidad and Tobago,2017.0,44.0,26.0,18.98,13.0,2.0
Congo,2017.0,135.0,93.0,18.13,37.0,1.0
Eswatini,2017.0,42.0,40.0,35.55,1.0,1.0
Papua New Guinea,2017.0,226.0,226.0,26.76,,1.0
Zimbabwe,2017.0,36.0,36.0,2.51,0.0,1.0
Albania,2017.0,36.0,36.0,12.38,,0.0
Algeria,2017.0,163.0,161.0,3.88,,0.0
Antigua and Barbuda,2017.0,2.0,1.0,13.03,0.0,0.0
Armenia,2017.0,10.0,10.0,3.29,0.0,0.0
Austria,2017.0,58.0,48.0,5.4,9.0,0.0
Belgium,2017.0,181.0,114.0,10.02,8.0,0.0
Bosnia and Herzegovina,2017.0,10.0,10.0,3.02,,0.0
Botswana,2017.0,29.0,29.0,13.26,0.0,0.0
Cabo Verde,2017.0,61.0,42.0,77.87,,0.0
Canada,2017.0,535.0,469.0,12.78,18.0,0.0
"China, Hong Kong SAR",2017.0,490.0,471.0,64.46,0.0,0.0
"China, Macao SAR",2017.0,36.0,36.0,57.85,,0.0
Croatia,2017.0,11.0,11.0,2.54,0.0,0.0
Czechia,2017.0,94.0,74.0,6.91,0.0,0.0
Denmark,2017.0,46.0,26.0,4.58,0.0,0.0
Finland,2017.0,26.0,25.0,4.59,0.0,0.0
Germany,2017.0,386.0,389.0,4.71,0.0,0.0
Iceland,2017.0,2.0,1.0,3.99,,0.0
Israel,2017.0,140.0,139.0,16.88,,0.0
Jamaica,2017.0,133.0,114.0,38.91,10.0,0.0
Jordan,2017.0,195.0,195.0,19.88,,0.0
Lebanon,2017.0,95.0,96.0,14.01,,0.0
Libya,2017.0,233.0,175.0,26.62,,0.0
Mauritius,2017.0,81.0,71.0,56.56,,0.0
Namibia,2017.0,20.0,19.0,8.08,,0.0
Netherlands,2017.0,137.0,74.0,4.32,,0.0
New Zealand,2017.0,49.0,48.0,10.15,1.0,0.0
Poland,2017.0,152.0,61.0,1.61,65.0,0.0
Polynesia,2017.0,16.0,13.0,27.45,,0.0
Republic of Moldova,2017.0,13.0,13.0,3.27,,0.0
Saint Vincent and the Grenadines,2017.0,6.0,3.0,27.02,,0.0
Samoa,2017.0,5.0,3.0,14.22,,0.0
Saudi Arabia,2017.0,1770.0,1740.0,52.56,,0.0
Slovakia,2017.0,26.0,13.0,2.45,0.0,0.0
Sweden,2017.0,61.0,60.0,6.06,,0.0
Switzerland,2017.0,117.0,22.0,2.58,,0.0
Syrian Arab Republic,2017.0,139.0,131.0,7.63,8.0,0.0
United Arab Emirates,2017.0,694.0,306.0,32.24,,0.0
United Kingdom of Great Britain and Northern Ireland,2017.0,704.0,522.0,7.82,113.0,0.0
Yemen,2017.0,667.0,667.0,23.97,0.0,0.0
Bahamas,2017.0,10.0,8.0,21.51,1.0,
Barbados,2017.0,6.0,5.0,17.07,,
Belarus,2017.0,27.0,27.0,2.9,0.0,
Cyprus,2017.0,7.0,6.0,5.15,,
Djibouti,2017.0,278.0,45.0,48.11,,
Dominica,2017.0,1.0,1.0,8.99,,
Estonia,2017.0,3.0,3.0,2.5,,
French Polynesia,2017.0,10.0,10.0,36.8,,
Georgia,2017.0,10.0,9.0,2.34,0.0,
Grenada,2017.0,2.0,2.0,13.92,,
Ireland,2017.0,23.0,19.0,4.08,,
Kiribati,2017.0,9.0,8.0,70.64,,
Kuwait,2017.0,211.0,211.0,52.06,,
Latvia,2017.0,5.0,5.0,2.76,,
Lesotho,2017.0,28.0,25.0,12.17,,
Lithuania,2017.0,9.0,9.0,3.12,,
Luxembourg,2017.0,3.0,3.0,4.62,,
Maldives,2017.0,31.0,26.0,51.59,,
Malta,2017.0,2.0,2.0,4.78,,
Micronesia,2017.0,9.0,8.0,70.64,,
Mongolia,2017.0,26.0,26.0,8.5,,
Montenegro,2017.0,1.0,1.0,2.14,,
New Caledonia,2017.0,5.0,5.0,18.34,,
Norway,2017.0,15.0,25.0,4.66,,
Oman,2017.0,222.0,221.0,47.33,,
Saint Kitts and Nevis,2017.0,1.0,1.0,21.02,,
Saint Lucia,2017.0,3.0,2.0,9.34,0.0,
Sao Tome and Principe,2017.0,7.0,7.0,35.99,,
Serbia,2017.0,8.0,7.0,0.84,,
Seychelles,2017.0,6.0,4.0,37.8,,
Slovenia,2017.0,8.0,7.0,3.4,0.0,
Tunisia,2017.0,14.0,14.0,1.18,,
Vanuatu,2017.0,13.0,12.0,41.85,,
China,2016.0,202247.0,178501.0,123.49,1084.0,212682.0
India,2016.0,145681.0,134066.0,101.22,749.0,163700.0
Indonesia,2016.0,55381.0,48170.0,184.17,,54031.0
Bangladesh,2016.0,51009.0,39603.0,250.69,10.0,50453.0
Viet Nam,2016.0,28436.0,20648.0,220.5,338.0,43112.0
Thailand,2016.0,18119.0,11157.0,161.77,867.0,31857.0
Myanmar,2016.0,24576.0,10339.0,194.9,4439.0,25673.0
Philippines,2016.0,18526.0,17433.0,168.16,2.0,17627.0
Brazil,2016.0,10842.0,8365.0,40.57,1244.0,10622.0
Pakistan,2016.0,5193.0,4069.0,19.98,35.0,10274.0
United States of America,2016.0,5407.0,3524.0,10.91,892.0,10167.0
Japan,2016.0,11401.0,10466.0,81.92,492.0,10055.0
Cambodia,2016.0,9491.0,3754.0,238.14,0.0,9952.0
Nigeria,2016.0,7420.0,7037.0,37.84,0.0,7564.0
Republic of Korea,2016.0,6068.0,4580.0,89.84,1102.0,5625.0
Egypt,2016.0,5375.0,5079.0,53.77,3.0,5309.0
Sri Lanka,2016.0,3990.0,3564.0,169.56,22.0,4420.0
Nepal,2016.0,5609.0,3746.0,137.4,17.0,4299.0
Lao People's Democratic Republic,2016.0,4429.0,1664.0,243.04,222.0,4149.0
Madagascar,2016.0,4516.0,3639.0,146.19,0.0,3816.0
Peru,2016.0,3634.0,2334.0,75.48,138.0,3166.0
Colombia,2016.0,3320.0,2541.0,52.74,198.0,3059.0
Iran (Islamic Republic of),2016.0,4552.0,3362.0,42.25,29.0,2921.0
Mali,2016.0,2962.0,1313.0,73.08,,2781.0
Malaysia,2016.0,4107.0,3650.0,118.96,39.0,2740.0
Democratic People's Republic of Korea,2016.0,3125.0,2728.0,107.77,0.0,2536.0
United Republic of Tanzania,2016.0,2001.0,1882.0,35.48,,2229.0
Guinea,2016.0,2920.0,1806.0,153.83,,2136.0
Côte d'Ivoire,2016.0,3745.0,2903.0,121.84,35.0,2055.0
Other non-specified areas,2016.0,1807.0,1643.0,69.55,51.0,1588.0
Italy,2016.0,765.0,547.0,9.02,78.0,1587.0
Ecuador,2016.0,1424.0,1031.0,62.52,58.0,1535.0
Argentina,2016.0,665.0,538.0,12.37,38.0,1405.0
Uruguay,2016.0,106.0,57.0,16.63,,1305.0
Democratic Republic of the Congo,2016.0,1148.0,1054.0,13.38,,1110.0
Russian Federation,2016.0,1322.0,1240.0,8.54,,1081.0
Senegal,2016.0,2031.0,1841.0,122.81,1.0,946.0
Turkey,2016.0,1276.0,1230.0,15.4,,920.0
Sierra Leone,2016.0,1496.0,1170.0,159.59,3.0,875.0
Paraguay,2016.0,96.0,54.0,7.92,,858.0
Dominican Republic,2016.0,863.0,767.0,73.74,42.0,857.0
Spain,2016.0,708.0,570.0,12.21,68.0,835.0
Ghana,2016.0,1314.0,1146.0,40.25,1.0,688.0
Guyana,2016.0,296.0,87.0,113.44,2.0,534.0
Cuba,2016.0,1198.0,975.0,86.0,0.0,514.0
Venezuela (Bolivarian Republic of),2016.0,980.0,749.0,25.08,0.0,498.0
Uzbekistan,2016.0,296.0,257.0,8.17,2.0,452.0
Kazakhstan,2016.0,319.0,180.0,10.08,,448.0
Nicaragua,2016.0,477.0,434.0,68.83,,418.0
Bolivia (Plurinational State of),2016.0,502.0,456.0,41.37,0.0,407.0
Burkina Faso,2016.0,622.0,591.0,31.67,0.0,385.0
Cameroon,2016.0,1250.0,997.0,41.67,,359.0
Afghanistan,2016.0,600.0,559.0,15.8,,357.0
Liberia,2016.0,522.0,449.0,97.93,1.0,335.0
Panama,2016.0,517.0,483.0,119.54,,322.0
Benin,2016.0,2156.0,919.0,84.48,11.0,281.0
Suriname,2016.0,141.0,58.0,103.07,5.0,278.0
Greece,2016.0,85.0,61.0,5.79,6.0,277.0
Australia,2016.0,496.0,315.0,12.98,167.0,274.0
Australia and New Zealand,2016.0,544.0,361.0,12.47,169.0,274.0
Chad,2016.0,249.0,202.0,13.88,0.0,258.0
Mexico,2016.0,1336.0,1070.0,8.67,210.0,254.0
Mauritania,2016.0,282.0,270.0,64.94,,226.0
Uganda,2016.0,351.0,338.0,8.52,,215.0
Costa Rica,2016.0,382.0,359.0,73.33,0.0,204.0
Guinea-Bissau,2016.0,260.0,237.0,133.01,,186.0
Iraq,2016.0,1751.0,1569.0,49.97,0.0,181.0
Chile,2016.0,329.0,241.0,13.26,81.0,174.0
Portugal,2016.0,225.0,215.0,20.78,,169.0
Haiti,2016.0,737.0,721.0,66.47,,152.0
Burundi,2016.0,100.0,82.0,7.86,9.0,147.0
Togo,2016.0,250.0,176.0,23.4,0.0,137.0
Ethiopia,2016.0,329.0,323.0,3.11,0.0,136.0
Mozambique,2016.0,1108.0,1043.0,37.49,35.0,133.0
Turkmenistan,2016.0,118.0,98.0,17.29,,130.0
Rwanda,2016.0,144.0,137.0,11.77,,111.0
Niger,2016.0,300.0,518.0,24.94,0.0,104.0
Kenya,2016.0,985.0,978.0,19.94,0.0,102.0
Tajikistan,2016.0,116.0,110.0,12.67,,96.0
Malawi,2016.0,96.0,91.0,5.31,,84.0
Timor-Leste,2016.0,138.0,123.0,100.76,,81.0
France,2016.0,663.0,498.0,7.47,4.0,80.0
Honduras,2016.0,231.0,211.0,22.77,15.0,68.0
Bulgaria,2016.0,29.0,15.0,2.09,0.0,65.0
Ukraine,2016.0,166.0,159.0,3.57,,65.0
Morocco,2016.0,56.0,51.0,1.44,,53.0
Gambia,2016.0,208.0,193.0,90.04,,49.0
Romania,2016.0,102.0,95.0,4.77,,44.0
Kyrgyzstan,2016.0,50.0,47.0,7.8,0.0,35.0
Guatemala,2016.0,140.0,137.0,8.28,,34.0
Comoros,2016.0,98.0,93.0,116.27,,32.0
El Salvador,2016.0,119.0,93.0,14.64,25.0,28.0
Sudan,2016.0,57.0,54.0,1.35,,28.0
Zambia,2016.0,34.0,31.0,1.88,,27.0
Angola,2016.0,716.0,624.0,21.64,,25.0
North Macedonia,2016.0,14.0,8.0,4.05,,25.0
Belize,2016.0,19.0,15.0,40.43,,16.0
Central African Republic,2016.0,34.0,33.0,7.18,,12.0
Melanesia,2016.0,348.0,332.0,32.19,0.0,12.0
Hungary,2016.0,68.0,54.0,5.5,,11.0
Fiji,2016.0,63.0,59.0,67.84,0.0,9.0
Azerbaijan,2016.0,17.0,16.0,1.68,,5.0
Solomon Islands,2016.0,69.0,58.0,93.83,,3.0
South Africa,2016.0,1374.0,1294.0,23.02,77.0,3.0
Gabon,2016.0,117.0,117.0,58.23,,2.0
Trinidad and Tobago,2016.0,36.0,26.0,18.59,10.0,2.0
Congo,2016.0,106.0,80.0,16.02,24.0,1.0
Eswatini,2016.0,47.0,44.0,39.28,2.0,1.0
Papua New Guinea,2016.0,199.0,199.0,24.01,,1.0
Zimbabwe,2016.0,31.0,31.0,2.2,0.0,1.0
Albania,2016.0,36.0,36.0,12.36,,0.0
Algeria,2016.0,157.0,156.0,3.84,,0.0
Antigua and Barbuda,2016.0,2.0,1.0,13.47,0.0,0.0
Armenia,2016.0,10.0,10.0,3.3,0.0,0.0
Austria,2016.0,57.0,47.0,5.43,8.0,0.0
Belgium,2016.0,64.0,126.0,11.11,1.0,0.0
Bosnia and Herzegovina,2016.0,10.0,10.0,2.85,,0.0
Botswana,2016.0,28.0,28.0,13.06,0.0,0.0
Cabo Verde,2016.0,51.0,41.0,77.86,,0.0
Canada,2016.0,604.0,522.0,14.35,29.0,0.0
"China, Hong Kong SAR",2016.0,483.0,465.0,64.15,0.0,0.0
Croatia,2016.0,11.0,11.0,2.52,0.0,0.0
Czechia,2016.0,90.0,72.0,6.82,0.0,0.0
Denmark,2016.0,44.0,25.0,4.34,0.0,0.0
Finland,2016.0,26.0,25.0,4.56,0.0,0.0
Germany,2016.0,375.0,403.0,4.9,0.0,0.0
Iceland,2016.0,1.0,1.0,3.89,,0.0
Israel,2016.0,141.0,140.0,17.21,,0.0
Jamaica,2016.0,121.0,100.0,34.27,11.0,0.0
Jordan,2016.0,194.0,195.0,20.41,,0.0
Lebanon,2016.0,99.0,99.0,14.67,,0.0
Libya,2016.0,206.0,156.0,24.08,,0.0
Mauritius,2016.0,95.0,84.0,66.58,,0.0
Namibia,2016.0,20.0,19.0,8.24,,0.0
Netherlands,2016.0,121.0,69.0,4.04,,0.0
New Zealand,2016.0,48.0,46.0,9.82,2.0,0.0
Poland,2016.0,150.0,63.0,1.67,64.0,0.0
Republic of Moldova,2016.0,13.0,13.0,3.22,,0.0
Saint Vincent and the Grenadines,2016.0,6.0,4.0,33.6,,0.0
Saudi Arabia,2016.0,1782.0,1749.0,53.9,,0.0
Slovakia,2016.0,25.0,14.0,2.51,0.0,0.0
Sweden,2016.0,61.0,60.0,6.06,,0.0
Switzerland,2016.0,129.0,22.0,2.63,,0.0
Syrian Arab Republic,2016.0,119.0,112.0,6.39,7.0,0.0
United Arab Emirates,2016.0,751.0,336.0,35.88,,0.0
United Kingdom of Great Britain and Northern Ireland,2016.0,667.0,489.0,7.38,113.0,0.0
Yemen,2016.0,593.0,593.0,21.84,0.0,0.0
Bahamas,2016.0,10.0,8.0,22.43,1.0,
Barbados,2016.0,6.0,5.0,15.97,,
Belarus,2016.0,27.0,27.0,2.83,0.0,
"China, Macao SAR",2016.0,36.0,36.0,58.24,,
Cyprus,2016.0,7.0,6.0,5.0,,
Djibouti,2016.0,184.0,44.0,47.72,,
Dominica,2016.0,1.0,1.0,8.41,,
Estonia,2016.0,3.0,3.0,2.61,,
French Polynesia,2016.0,11.0,10.0,37.21,,
Georgia,2016.0,10.0,9.0,2.33,0.0,
Grenada,2016.0,2.0,1.0,12.22,,
Ireland,2016.0,25.0,17.0,3.7,,
Kiribati,2016.0,14.0,8.0,70.5,,
Kuwait,2016.0,203.0,201.0,50.91,,
Latvia,2016.0,5.0,5.0,2.38,,
Lesotho,2016.0,12.0,10.0,4.94,,
Lithuania,2016.0,9.0,9.0,3.05,,
Luxembourg,2016.0,3.0,3.0,4.57,,
Maldives,2016.0,30.0,25.0,52.41,,
Malta,2016.0,2.0,2.0,4.7,,
Micronesia,2016.0,14.0,8.0,70.5,,
Mongolia,2016.0,26.0,25.0,8.3,,
Montenegro,2016.0,2.0,2.0,2.49,,
New Caledonia,2016.0,6.0,6.0,20.75,,
Norway,2016.0,20.0,24.0,4.59,,
Oman,2016.0,210.0,209.0,46.57,,
Polynesia,2016.0,13.0,13.0,27.5,,
Saint Kitts and Nevis,2016.0,1.0,1.0,24.17,,
Saint Lucia,2016.0,3.0,2.0,12.66,0.0,
Samoa,2016.0,3.0,3.0,13.8,,
Sao Tome and Principe,2016.0,7.0,7.0,34.28,,
Serbia,2016.0,8.0,8.0,0.87,,
Seychelles,2016.0,6.0,4.0,37.04,,
Slovenia,2016.0,7.0,7.0,3.32,0.0,
Tunisia,2016.0,13.0,13.0,1.18,,
Vanuatu,2016.0,11.0,10.0,37.61,,
China,2015.0,201030.0,176948.0,123.04,1132.0,213724.0
India,2015.0,140448.0,130180.0,99.36,676.0,156540.0
Indonesia,2015.0,62265.0,50463.0,195.3,,61031.0
Bangladesh,2015.0,53916.0,41199.0,263.66,11.0,51805.0
Viet Nam,2015.0,28545.0,20670.0,223.04,229.0,45091.0
Thailand,2015.0,18268.0,11175.0,162.63,1084.0,27702.0
Myanmar,2015.0,24256.0,10314.0,195.78,4257.0,26210.0
Philippines,2015.0,20554.0,19586.0,191.81,5.0,18150.0
Brazil,2015.0,12039.0,9308.0,45.52,1311.0,12301.0
Pakistan,2015.0,5225.0,4011.0,20.11,62.0,10202.0
Japan,2015.0,11452.0,10521.0,82.21,492.0,9986.0
Cambodia,2015.0,8860.0,3719.0,239.62,0.0,9335.0
United States of America,2015.0,5329.0,3467.0,10.8,892.0,8725.0
Nigeria,2015.0,7508.0,7189.0,39.69,0.0,6256.0
Republic of Korea,2015.0,6232.0,4708.0,92.64,1123.0,5771.0
Sri Lanka,2015.0,3979.0,3515.0,168.1,7.0,4819.0
Egypt,2015.0,5239.0,5069.0,54.83,7.0,4818.0
Nepal,2015.0,5636.0,3698.0,136.9,17.0,4789.0
Lao People's Democratic Republic,2015.0,4000.0,1638.0,243.04,196.0,4102.0
Madagascar,2015.0,4406.0,3553.0,146.61,0.0,3722.0
Peru,2015.0,3451.0,2314.0,75.94,132.0,3151.0
Malaysia,2015.0,3975.0,3599.0,118.9,37.0,2741.0
Colombia,2015.0,2844.0,2408.0,50.68,185.0,2489.0
Iran (Islamic Republic of),2015.0,4221.0,3214.0,40.95,34.0,2348.0
Mali,2015.0,2488.0,1211.0,69.46,,2331.0
Côte d'Ivoire,2015.0,3551.0,2814.0,121.15,37.0,2153.0
Guinea,2015.0,2809.0,1741.0,152.25,,2047.0
Democratic People's Republic of Korea,2015.0,2976.0,2673.0,106.12,0.0,1946.0
United Republic of Tanzania,2015.0,1878.0,1774.0,34.45,,1937.0
Ecuador,2015.0,1368.0,982.0,60.55,50.0,1653.0
Other non-specified areas,2015.0,1810.0,1638.0,69.54,52.0,1582.0
Argentina,2015.0,838.0,629.0,14.61,109.0,1558.0
Italy,2015.0,736.0,539.0,8.9,67.0,1518.0
Uruguay,2015.0,109.0,56.0,16.55,,1396.0
Russian Federation,2015.0,1254.0,1167.0,8.05,,1110.0
Democratic Republic of the Congo,2015.0,1054.0,962.0,12.62,,1022.0
Turkey,2015.0,1243.0,1195.0,15.22,,920.0
Senegal,2015.0,1951.0,1748.0,119.88,1.0,906.0
Sierra Leone,2015.0,1590.0,1132.0,157.87,3.0,872.0
Paraguay,2015.0,119.0,76.0,11.33,,858.0
Spain,2015.0,690.0,557.0,11.93,65.0,847.0
Dominican Republic,2015.0,855.0,762.0,74.16,41.0,824.0
Venezuela (Bolivarian Republic of),2015.0,1314.0,1008.0,33.51,0.0,802.0
Australia,2015.0,441.0,315.0,13.17,111.0,690.0
Australia and New Zealand,2015.0,488.0,360.0,12.61,113.0,690.0
Guyana,2015.0,325.0,87.0,114.03,3.0,688.0
Ghana,2015.0,1281.0,1130.0,40.56,1.0,641.0
Bolivia (Plurinational State of),2015.0,503.0,449.0,41.26,0.0,527.0
Uzbekistan,2015.0,287.0,250.0,8.07,2.0,426.0
Kazakhstan,2015.0,289.0,179.0,10.21,,422.0
Cuba,2015.0,1214.0,1010.0,89.21,0.0,418.0
Afghanistan,2015.0,690.0,644.0,18.71,,410.0
Nicaragua,2015.0,456.0,415.0,66.68,,365.0
Burkina Faso,2015.0,617.0,588.0,32.49,0.0,325.0
Liberia,2015.0,526.0,463.0,103.51,1.0,296.0
Panama,2015.0,480.0,454.0,114.52,,282.0
Cameroon,2015.0,1207.0,956.0,41.04,,278.0
Suriname,2015.0,147.0,58.0,103.03,6.0,268.0
Greece,2015.0,115.0,77.0,7.22,8.0,264.0
Chad,2015.0,248.0,197.0,13.98,0.0,243.0
Uganda,2015.0,305.0,289.0,7.57,,238.0
Mexico,2015.0,1295.0,1051.0,8.63,194.0,236.0
Mauritania,2015.0,253.0,242.0,59.77,,223.0
Benin,2015.0,1609.0,839.0,79.29,12.0,204.0
Costa Rica,2015.0,337.0,317.0,65.36,0.0,196.0
Portugal,2015.0,248.0,237.0,22.87,,185.0
Guinea-Bissau,2015.0,246.0,226.0,129.83,,170.0
Chile,2015.0,312.0,238.0,13.25,67.0,164.0
Togo,2015.0,241.0,180.0,24.62,0.0,141.0
Ethiopia,2015.0,307.0,300.0,2.98,0.0,140.0
Haiti,2015.0,745.0,730.0,68.22,,132.0
Turkmenistan,2015.0,121.0,95.0,17.08,,130.0
Mozambique,2015.0,1081.0,1022.0,37.78,32.0,128.0
Kenya,2015.0,831.0,815.0,17.02,0.0,116.0
Malawi,2015.0,134.0,128.0,7.63,,111.0
Iraq,2015.0,1859.0,1678.0,55.0,0.0,109.0
Rwanda,2015.0,141.0,123.0,10.79,,97.0
Niger,2015.0,522.0,513.0,25.63,0.0,91.0
Tajikistan,2015.0,111.0,105.0,12.42,,86.0
France,2015.0,657.0,492.0,7.41,4.0,81.0
Timor-Leste,2015.0,135.0,121.0,101.19,,72.0
Gambia,2015.0,201.0,186.0,89.37,,70.0
Honduras,2015.0,220.0,201.0,22.09,13.0,69.0
Bulgaria,2015.0,55.0,33.0,4.62,0.0,68.0
Morocco,2015.0,64.0,57.0,1.65,,63.0
Ukraine,2015.0,198.0,191.0,4.26,,63.0
Romania,2015.0,100.0,88.0,4.44,,50.0
Angola,2015.0,695.0,601.0,21.55,,45.0
Burundi,2015.0,67.0,58.0,5.73,6.0,39.0
El Salvador,2015.0,112.0,92.0,14.57,18.0,39.0
Guatemala,2015.0,148.0,145.0,8.95,,33.0
Sudan,2015.0,78.0,72.0,1.86,,32.0
Comoros,2015.0,95.0,90.0,115.66,,31.0
North Macedonia,2015.0,19.0,10.0,4.92,,31.0
Kyrgyzstan,2015.0,52.0,50.0,8.37,0.0,30.0
Zambia,2015.0,50.0,45.0,2.85,,26.0
Belize,2015.0,17.0,15.0,40.2,,13.0
Central African Republic,2015.0,33.0,32.0,7.11,,10.0
Melanesia,2015.0,331.0,315.0,31.14,1.0,10.0
Hungary,2015.0,65.0,50.0,5.08,,9.0
Fiji,2015.0,62.0,58.0,66.92,1.0,6.0
Azerbaijan,2015.0,15.0,15.0,1.53,,3.0
Solomon Islands,2015.0,67.0,56.0,92.63,,3.0
South Africa,2015.0,1351.0,1278.0,23.08,77.0,3.0
Gabon,2015.0,106.0,106.0,54.55,,2.0
Trinidad and Tobago,2015.0,41.0,26.0,18.66,10.0,2.0
Congo,2015.0,38.0,24.0,4.99,11.0,1.0
Eswatini,2015.0,41.0,37.0,33.6,2.0,1.0
Mauritius,2015.0,92.0,82.0,64.82,,1.0
Papua New Guinea,2015.0,185.0,185.0,22.8,,1.0
Zimbabwe,2015.0,31.0,31.0,2.21,0.0,1.0
Albania,2015.0,36.0,36.0,12.48,0.0,0.0
Algeria,2015.0,156.0,154.0,3.89,,0.0
Antigua and Barbuda,2015.0,2.0,1.0,13.64,0.0,0.0
Armenia,2015.0,10.0,10.0,3.39,0.0,0.0
Austria,2015.0,56.0,46.0,5.32,8.0,0.0
Belgium,2015.0,158.0,116.0,10.26,5.0,0.0
Bosnia and Herzegovina,2015.0,11.0,11.0,3.23,,0.0
Botswana,2015.0,28.0,28.0,13.12,0.0,0.0
Cabo Verde,2015.0,61.0,40.0,76.98,,0.0
Canada,2015.0,533.0,465.0,12.89,18.0,0.0
"China, Hong Kong SAR",2015.0,487.0,470.0,65.35,0.0,0.0
Croatia,2015.0,11.0,11.0,2.49,0.0,0.0
Czechia,2015.0,87.0,74.0,7.02,0.0,0.0
Denmark,2015.0,35.0,22.0,3.93,0.0,0.0
Finland,2015.0,25.0,24.0,4.46,0.0,0.0
Germany,2015.0,390.0,400.0,4.89,0.0,0.0
Iceland,2015.0,1.0,1.0,3.82,,0.0
Israel,2015.0,140.0,139.0,17.46,,0.0
Jamaica,2015.0,135.0,111.0,38.24,13.0,0.0
Jordan,2015.0,204.0,203.0,21.93,,0.0
Lebanon,2015.0,89.0,89.0,13.63,,0.0
Libya,2015.0,206.0,155.0,24.19,,0.0
Namibia,2015.0,20.0,19.0,8.33,,0.0
Netherlands,2015.0,97.0,66.0,3.9,,0.0
New Zealand,2015.0,47.0,45.0,9.68,2.0,0.0
Poland,2015.0,133.0,52.0,1.36,63.0,0.0
Polynesia,2015.0,14.0,13.0,27.15,,0.0
Republic of Moldova,2015.0,16.0,16.0,3.85,,0.0
Saint Vincent and the Grenadines,2015.0,5.0,3.0,26.75,,0.0
Samoa,2015.0,3.0,3.0,13.48,,0.0
Saudi Arabia,2015.0,1892.0,1872.0,59.03,,0.0
Slovakia,2015.0,23.0,13.0,2.47,0.0,0.0
Sweden,2015.0,61.0,60.0,6.11,,0.0
Switzerland,2015.0,119.0,22.0,2.66,,0.0
Syrian Arab Republic,2015.0,157.0,147.0,8.18,9.0,0.0
United Arab Emirates,2015.0,769.0,345.0,37.28,,0.0
United Kingdom of Great Britain and Northern Ireland,2015.0,733.0,523.0,7.94,128.0,0.0
Yemen,2015.0,566.0,566.0,21.36,0.0,0.0
Bahamas,2015.0,10.0,9.0,22.84,1.0,
Barbados,2015.0,6.0,5.0,16.72,,
Belarus,2015.0,26.0,26.0,2.75,0.0,
"China, Macao SAR",2015.0,35.0,35.0,58.44,,
Cyprus,2015.0,6.0,6.0,4.98,,
Djibouti,2015.0,181.0,43.0,47.14,,
Dominica,2015.0,1.0,1.0,9.39,,
Estonia,2015.0,4.0,4.0,2.66,,
French Polynesia,2015.0,11.0,10.0,36.87,,
Georgia,2015.0,10.0,10.0,2.37,0.0,
Grenada,2015.0,2.0,1.0,11.57,,
Ireland,2015.0,23.0,16.0,3.53,,
Kiribati,2015.0,10.0,8.0,70.43,,
Kuwait,2015.0,201.0,199.0,51.88,,
Latvia,2015.0,4.0,4.0,2.23,,
Lesotho,2015.0,10.0,8.0,3.81,,
Lithuania,2015.0,10.0,9.0,2.93,,
Luxembourg,2015.0,3.0,2.0,4.33,,
Maldives,2015.0,28.0,23.0,51.16,,
Malta,2015.0,2.0,2.0,4.75,,
Micronesia,2015.0,10.0,8.0,70.43,,
Mongolia,2015.0,29.0,28.0,9.46,,
Montenegro,2015.0,1.0,1.0,2.08,,
New Caledonia,2015.0,6.0,5.0,19.73,,
Norway,2015.0,25.0,24.0,4.66,,
Oman,2015.0,243.0,245.0,57.4,,
Saint Kitts and Nevis,2015.0,1.0,1.0,25.29,,
Saint Lucia,2015.0,5.0,2.0,11.26,0.0,
Sao Tome and Principe,2015.0,7.0,7.0,34.31,,
Serbia,2015.0,10.0,10.0,1.15,,
Seychelles,2015.0,6.0,3.0,35.35,,
Slovenia,2015.0,8.0,7.0,3.42,0.0,
Tunisia,2015.0,13.0,13.0,1.18,,
Vanuatu,2015.0,11.0,11.0,40.49,,
China,2014.0,197563.0,175029.0,122.34,1182.0,208240.0
India,2014.0,147990.0,136232.0,105.15,716.0,157200.0
Indonesia,2014.0,60280.0,48946.0,191.85,,59059.0
Bangladesh,2014.0,52136.0,39939.0,258.48,11.0,51807.0
Viet Nam,2014.0,27653.0,20670.0,225.38,178.0,44974.0
Thailand,2014.0,20359.0,11763.0,171.88,1027.0,32620.0
Myanmar,2014.0,24330.0,10189.0,194.89,4349.0,26423.0
Philippines,2014.0,19566.0,18510.0,184.15,3.0,18968.0
Brazil,2014.0,12122.0,9389.0,46.31,1320.0,12176.0
Japan,2014.0,11716.0,10705.0,83.52,502.0,10549.0
Pakistan,2014.0,4875.0,3811.0,19.51,23.0,10504.0
United States of America,2014.0,5463.0,3445.0,10.81,868.0,10080.0
Cambodia,2014.0,8952.0,3684.0,241.15,0.0,9324.0
Nigeria,2014.0,7006.0,6697.0,37.96,0.0,6003.0
Republic of Korea,2014.0,6188.0,4725.0,93.36,1075.0,5638.0
Egypt,2014.0,5127.0,5012.0,55.43,6.0,5467.0
Nepal,2014.0,5772.0,3662.0,136.09,17.0,5047.0
Lao People's Democratic Republic,2014.0,3703.0,1613.0,243.0,181.0,4002.0
Madagascar,2014.0,4355.0,3475.0,147.31,0.0,3978.0
Sri Lanka,2014.0,3839.0,3475.0,167.14,7.0,3381.0
Peru,2014.0,3410.0,2269.0,75.4,136.0,2897.0
Democratic People's Republic of Korea,2014.0,3343.0,2842.0,113.42,0.0,2626.0
Iran (Islamic Republic of),2014.0,4184.0,3196.0,41.25,33.0,2347.0
Colombia,2014.0,2422.0,2026.0,43.14,166.0,2207.0
Mali,2014.0,2370.0,1232.0,72.75,,2167.0
Côte d'Ivoire,2014.0,3563.0,2636.0,116.37,101.0,2054.0
Guinea,2014.0,2394.0,1697.0,152.17,,1971.0
Malaysia,2014.0,3921.0,3549.0,118.83,36.0,1835.0
Other non-specified areas,2014.0,1819.0,1641.0,69.86,56.0,1732.0
United Republic of Tanzania,2014.0,1761.0,1674.0,33.5,,1681.0
Argentina,2014.0,730.0,604.0,14.16,24.0,1582.0
Italy,2014.0,550.0,388.0,6.43,56.0,1386.0
Ecuador,2014.0,1280.0,924.0,57.92,68.0,1380.0
Uruguay,2014.0,104.0,53.0,15.55,,1348.0
Sierra Leone,2014.0,1561.0,1069.0,152.39,3.0,1204.0
Venezuela (Bolivarian Republic of),2014.0,1615.0,1209.0,40.24,0.0,1158.0
Russian Federation,2014.0,1236.0,1159.0,8.01,,1049.0
Democratic Republic of the Congo,2014.0,984.0,885.0,12.0,,1020.0
Spain,2014.0,683.0,540.0,11.55,63.0,861.0
Turkey,2014.0,1201.0,1157.0,14.99,,830.0
Australia,2014.0,431.0,308.0,13.03,107.0,819.0
Australia and New Zealand,2014.0,478.0,353.0,12.52,109.0,819.0
Dominican Republic,2014.0,841.0,754.0,74.19,37.0,819.0
Paraguay,2014.0,125.0,84.0,12.76,,804.0
Guyana,2014.0,290.0,87.0,114.23,3.0,635.0
Ghana,2014.0,1221.0,1087.0,39.93,1.0,604.0
Cuba,2014.0,1322.0,1110.0,98.18,0.0,585.0
Senegal,2014.0,1846.0,1689.0,119.18,1.0,559.0
Afghanistan,2014.0,704.0,643.0,19.27,,537.0
Bolivia (Plurinational State of),2014.0,497.0,444.0,41.51,0.0,484.0
Iraq,2014.0,1857.0,1639.0,55.52,0.0,403.0
Kazakhstan,2014.0,247.0,149.0,8.62,,377.0
Nicaragua,2014.0,454.0,402.0,65.5,,369.0
Uzbekistan,2014.0,272.0,241.0,7.92,2.0,356.0
Burkina Faso,2014.0,542.0,515.0,29.28,0.0,348.0
Chad,2014.0,244.0,191.0,13.96,0.0,304.0
Mauritania,2014.0,280.0,265.0,67.44,,293.0
Suriname,2014.0,144.0,57.0,103.03,10.0,276.0
Liberia,2014.0,514.0,458.0,104.94,1.0,266.0
Panama,2014.0,444.0,441.0,113.12,,255.0
Uganda,2014.0,275.0,259.0,7.02,,237.0
Benin,2014.0,2250.0,822.0,79.91,11.0,234.0
Mexico,2014.0,1251.0,1032.0,8.57,173.0,232.0
Greece,2014.0,72.0,52.0,4.88,6.0,229.0
Costa Rica,2014.0,343.0,320.0,66.74,0.0,224.0
Portugal,2014.0,230.0,221.0,21.22,,167.0
Mozambique,2014.0,1068.0,1010.0,38.43,26.0,156.0
Cameroon,2014.0,1045.0,828.0,36.51,,153.0
Togo,2014.0,257.0,195.0,27.3,0.0,148.0
Haiti,2014.0,724.0,708.0,67.13,,144.0
Chile,2014.0,287.0,234.0,13.2,48.0,135.0
Guinea-Bissau,2014.0,239.0,222.0,131.22,,133.0
Ethiopia,2014.0,278.0,273.0,2.78,0.0,132.0
Malawi,2014.0,132.0,125.0,7.68,,132.0
Turkmenistan,2014.0,102.0,82.0,15.02,,130.0
Kenya,2014.0,1025.0,1018.0,21.8,0.0,112.0
Niger,2014.0,499.0,489.0,25.39,0.0,104.0
Timor-Leste,2014.0,131.0,117.0,100.07,,89.0
France,2014.0,632.0,467.0,7.06,3.0,83.0
Tajikistan,2014.0,100.0,95.0,11.5,,80.0
Rwanda,2014.0,128.0,114.0,10.31,,73.0
Burundi,2014.0,75.0,63.0,6.4,8.0,67.0
Honduras,2014.0,227.0,209.0,23.28,12.0,67.0
Bulgaria,2014.0,45.0,31.0,4.34,0.0,54.0
Ukraine,2014.0,203.0,198.0,4.39,,51.0
Zambia,2014.0,53.0,46.0,2.98,,50.0
Gambia,2014.0,192.0,178.0,88.19,,47.0
Romania,2014.0,107.0,95.0,4.72,,45.0
Angola,2014.0,661.0,568.0,21.07,,42.0
El Salvador,2014.0,120.0,91.0,14.52,26.0,42.0
Guatemala,2014.0,144.0,142.0,8.89,,34.0
Morocco,2014.0,32.0,29.0,0.85,,33.0
North Macedonia,2014.0,19.0,10.0,4.99,,31.0
Comoros,2014.0,90.0,85.0,112.36,,30.0
Kyrgyzstan,2014.0,56.0,51.0,8.77,0.0,28.0
Sudan,2014.0,56.0,53.0,1.41,,17.0
Belize,2014.0,18.0,14.0,40.23,,16.0
Central African Republic,2014.0,33.0,31.0,7.03,,13.0
Melanesia,2014.0,295.0,279.0,28.11,1.0,10.0
Hungary,2014.0,44.0,32.0,3.31,,8.0
Fiji,2014.0,59.0,55.0,63.32,1.0,7.0
Azerbaijan,2014.0,11.0,10.0,1.02,,3.0
Solomon Islands,2014.0,65.0,54.0,92.53,,3.0
South Africa,2014.0,1335.0,1265.0,23.2,85.0,3.0
Trinidad and Tobago,2014.0,44.0,27.0,19.81,8.0,3.0
Gabon,2014.0,102.0,101.0,53.85,,2.0
Congo,2014.0,50.0,31.0,6.65,17.0,1.0
Eswatini,2014.0,33.0,31.0,28.39,1.0,1.0
Mauritius,2014.0,87.0,80.0,63.25,,1.0
Papua New Guinea,2014.0,154.0,154.0,19.33,,1.0
Zimbabwe,2014.0,31.0,30.0,2.24,0.0,1.0
Albania,2014.0,36.0,36.0,12.54,0.0,0.0
Algeria,2014.0,154.0,149.0,3.82,,0.0
Antigua and Barbuda,2014.0,2.0,1.0,14.28,,0.0
Armenia,2014.0,11.0,11.0,3.85,0.0,0.0
Austria,2014.0,54.0,45.0,5.26,7.0,0.0
Belgium,2014.0,136.0,118.0,10.5,5.0,0.0
Bosnia and Herzegovina,2014.0,11.0,11.0,3.15,,0.0
Botswana,2014.0,28.0,27.0,13.09,0.0,0.0
Cabo Verde,2014.0,52.0,40.0,76.77,,0.0
Canada,2014.0,543.0,484.0,13.56,13.0,0.0
"China, Hong Kong SAR",2014.0,512.0,493.0,69.11,0.0,0.0
Croatia,2014.0,11.0,11.0,2.54,0.0,0.0
Czechia,2014.0,83.0,74.0,6.97,0.0,0.0
Denmark,2014.0,43.0,30.0,5.25,0.0,0.0
Finland,2014.0,25.0,24.0,4.48,0.0,0.0
Germany,2014.0,396.0,391.0,4.8,0.0,0.0
Grenada,2014.0,2.0,1.0,12.92,,0.0
Iceland,2014.0,1.0,1.0,3.8,,0.0
Israel,2014.0,121.0,120.0,15.24,,0.0
Jamaica,2014.0,117.0,97.0,33.74,11.0,0.0
Jordan,2014.0,198.0,198.0,22.25,,0.0
Lebanon,2014.0,89.0,89.0,14.27,,0.0
Libya,2014.0,130.0,101.0,15.85,,0.0
Namibia,2014.0,19.0,18.0,7.89,,0.0
Netherlands,2014.0,83.0,55.0,3.27,,0.0
New Zealand,2014.0,47.0,45.0,9.88,2.0,0.0
Poland,2014.0,120.0,44.0,1.15,61.0,0.0
Polynesia,2014.0,13.0,12.0,26.83,,0.0
Republic of Moldova,2014.0,16.0,16.0,3.85,,0.0
Saint Vincent and the Grenadines,2014.0,6.0,3.0,29.94,,0.0
Samoa,2014.0,3.0,3.0,13.47,,0.0
Saudi Arabia,2014.0,1626.0,1606.0,51.95,,0.0
Slovakia,2014.0,23.0,13.0,2.41,0.0,0.0
Sweden,2014.0,61.0,59.0,6.14,,0.0
Switzerland,2014.0,122.0,22.0,2.65,,0.0
Syrian Arab Republic,2014.0,199.0,187.0,10.0,12.0,0.0
United Arab Emirates,2014.0,763.0,376.0,40.77,,0.0
United Kingdom of Great Britain and Northern Ireland,2014.0,688.0,502.0,7.68,112.0,0.0
Yemen,2014.0,515.0,515.0,19.95,0.0,0.0
Bahamas,2014.0,10.0,9.0,23.99,1.0,
Barbados,2014.0,6.0,5.0,18.32,,
Belarus,2014.0,27.0,27.0,2.88,0.0,
"China, Macao SAR",2014.0,34.0,34.0,58.33,,
Cyprus,2014.0,6.0,6.0,4.95,,
Djibouti,2014.0,111.0,41.0,46.01,,
Dominica,2014.0,1.0,1.0,13.59,,
Estonia,2014.0,4.0,3.0,2.58,,
French Polynesia,2014.0,10.0,10.0,36.26,,
Georgia,2014.0,9.0,9.0,2.14,0.0,
Ireland,2014.0,21.0,15.0,3.18,,
Kiribati,2014.0,9.0,8.0,71.6,,
Kuwait,2014.0,183.0,182.0,49.24,,
Latvia,2014.0,5.0,5.0,2.45,,
Lesotho,2014.0,10.0,6.0,2.87,,
Lithuania,2014.0,11.0,11.0,3.75,,
Luxembourg,2014.0,3.0,2.0,4.37,,
Maldives,2014.0,27.0,23.0,51.76,,
Malta,2014.0,2.0,2.0,4.63,,
Micronesia,2014.0,9.0,8.0,71.6,,
Mongolia,2014.0,23.0,23.0,7.72,,
Montenegro,2014.0,1.0,1.0,2.12,,
New Caledonia,2014.0,5.0,5.0,20.19,,
Norway,2014.0,22.0,23.0,4.52,,
Oman,2014.0,217.0,215.0,53.38,,
Saint Kitts and Nevis,2014.0,2.0,1.0,28.8,,
Saint Lucia,2014.0,4.0,2.0,12.6,0.0,
Sao Tome and Principe,2014.0,7.0,7.0,34.49,,
Serbia,2014.0,13.0,13.0,1.47,,
Seychelles,2014.0,7.0,4.0,46.02,,
Slovenia,2014.0,9.0,8.0,3.84,0.0,
Tunisia,2014.0,13.0,13.0,1.18,,
Vanuatu,2014.0,11.0,11.0,41.78,,
China,2013.0,196667.0,173921.0,122.22,1210.0,205202.0
India,2013.0,146305.0,133985.0,104.61,670.0,159200.0
Indonesia,2013.0,57545.0,51753.0,205.53,0.0,60095.0
Bangladesh,2013.0,51495.0,39648.0,259.54,10.0,51534.0
Viet Nam,2013.0,28451.0,20635.0,227.37,185.0,44039.0
Thailand,2013.0,20519.0,11863.0,174.09,1221.0,36762.0
Myanmar,2013.0,25787.0,10154.0,195.82,4444.0,26372.0
Philippines,2013.0,19254.0,18027.0,182.32,3.0,18439.0
Brazil,2013.0,11649.0,9005.0,44.79,1275.0,11783.0
Japan,2013.0,12759.0,10984.0,85.6,526.0,11236.0
Pakistan,2013.0,5268.0,3808.0,19.91,28.0,10467.0
Cambodia,2013.0,8698.0,3575.0,237.89,0.0,9390.0
United States of America,2013.0,4859.0,3303.0,10.32,879.0,8613.0
Egypt,2013.0,5531.0,5160.0,58.36,8.0,5724.0
Republic of Korea,2013.0,6981.0,6393.0,126.99,32.0,5632.0
Nigeria,2013.0,8114.0,7866.0,45.79,0.0,4823.0
Sri Lanka,2013.0,3932.0,3509.0,169.8,7.0,4621.0
Nepal,2013.0,5249.0,3601.0,133.78,16.0,4505.0
Madagascar,2013.0,4254.0,3457.0,150.56,0.0,3611.0
Lao People's Democratic Republic,2013.0,3349.0,1583.0,242.06,166.0,3415.0
Peru,2013.0,3299.0,2178.0,73.15,151.0,3051.0
Democratic People's Republic of Korea,2013.0,3258.0,2785.0,111.7,0.0,2901.0
Malaysia,2013.0,4053.0,3634.0,123.31,38.0,2604.0
Iran (Islamic Republic of),2013.0,4417.0,3461.0,45.25,46.0,2450.0
United Republic of Tanzania,2013.0,1758.0,1655.0,34.13,0.0,2195.0
Guinea,2013.0,2640.0,1472.0,135.12,0.0,2053.0
Colombia,2013.0,2287.0,1853.0,39.85,178.0,1997.0
Mali,2013.0,2160.0,1070.0,65.07,,1978.0
Côte d'Ivoire,2013.0,3562.0,2878.0,130.29,44.0,1934.0
Other non-specified areas,2013.0,1808.0,1615.0,68.94,50.0,1590.0
Argentina,2013.0,725.0,537.0,12.72,84.0,1563.0
Ecuador,2013.0,1560.0,981.0,62.43,50.0,1516.0
Italy,2013.0,644.0,525.0,8.6,40.0,1433.0
Uruguay,2013.0,110.0,59.0,17.31,,1360.0
Sierra Leone,2013.0,1436.0,1065.0,155.08,2.0,1256.0
Australia,2013.0,616.0,370.0,15.92,3.0,1161.0
Australia and New Zealand,2013.0,659.0,411.0,14.79,5.0,1161.0
Venezuela (Bolivarian Republic of),2013.0,1801.0,1066.0,35.81,0.0,1084.0
Russian Federation,2013.0,1100.0,1008.0,7.06,,935.0
Turkey,2013.0,1166.0,1119.0,14.74,,900.0
Spain,2013.0,667.0,566.0,12.07,53.0,877.0
Guyana,2013.0,467.0,86.0,112.68,3.0,824.0
Democratic Republic of the Congo,2013.0,919.0,823.0,11.54,,811.0
Dominican Republic,2013.0,813.0,725.0,72.2,36.0,724.0
Cuba,2013.0,1199.0,1023.0,90.66,,673.0
Paraguay,2013.0,84.0,53.0,8.09,,617.0
Ghana,2013.0,1157.0,1036.0,38.95,0.0,570.0
Afghanistan,2013.0,687.0,620.0,19.21,0.0,512.0
Iraq,2013.0,1726.0,1456.0,51.18,0.0,452.0
Bolivia (Plurinational State of),2013.0,473.0,424.0,40.23,0.0,443.0
Senegal,2013.0,1762.0,1617.0,117.32,1.0,436.0
Chad,2013.0,259.0,191.0,14.47,0.0,378.0
Nicaragua,2013.0,937.0,395.0,65.14,,372.0
Benin,2013.0,1090.0,773.0,77.25,9.0,363.0
Kazakhstan,2013.0,293.0,186.0,10.92,,344.0
Uzbekistan,2013.0,306.0,275.0,9.19,2.0,340.0
Burkina Faso,2013.0,483.0,461.0,26.99,0.0,305.0
Panama,2013.0,447.0,432.0,112.7,,287.0
Liberia,2013.0,534.0,475.0,111.71,1.0,270.0
Suriname,2013.0,154.0,56.0,103.08,11.0,262.0
Togo,2013.0,329.0,223.0,32.07,0.0,260.0
Greece,2013.0,84.0,58.0,5.23,6.0,234.0
Costa Rica,2013.0,352.0,328.0,69.16,,225.0
Uganda,2013.0,258.0,245.0,6.86,0.0,214.0
Guinea-Bissau,2013.0,245.0,218.0,132.25,,210.0
Mauritania,2013.0,286.0,276.0,72.21,,203.0
Cameroon,2013.0,1048.0,837.0,37.92,0.0,194.0
Mexico,2013.0,1231.0,1013.0,8.53,171.0,180.0
Portugal,2013.0,242.0,231.0,22.07,,180.0
Haiti,2013.0,714.0,695.0,66.85,0.0,169.0
Ukraine,2013.0,212.0,201.0,4.44,,145.0
Turkmenistan,2013.0,178.0,97.0,18.08,,132.0
Chile,2013.0,300.0,231.0,13.16,60.0,130.0
Kenya,2013.0,671.0,661.0,14.51,0.0,125.0
Malawi,2013.0,110.0,104.0,6.56,0.0,125.0
Mozambique,2013.0,867.0,818.0,32.0,15.0,114.0
Rwanda,2013.0,122.0,113.0,10.41,0.0,94.0
Ethiopia,2013.0,247.0,243.0,2.55,0.0,92.0
Niger,2013.0,473.0,464.0,25.1,0.0,87.0
Timor-Leste,2013.0,132.0,120.0,104.47,,87.0
France,2013.0,613.0,454.0,7.07,2.0,82.0
Tajikistan,2013.0,98.0,93.0,11.58,0.0,78.0
Gambia,2013.0,148.0,125.0,63.62,,70.0
Bulgaria,2013.0,37.0,28.0,3.9,0.0,56.0
Romania,2013.0,93.0,84.0,3.87,,55.0
Honduras,2013.0,205.0,190.0,21.58,10.0,50.0
Zambia,2013.0,45.0,38.0,2.55,0.0,45.0
Angola,2013.0,498.0,433.0,16.63,0.0,38.0
Morocco,2013.0,58.0,53.0,1.57,,38.0
El Salvador,2013.0,124.0,98.0,15.64,24.0,36.0
Guatemala,2013.0,136.0,134.0,8.58,0.0,32.0
Comoros,2013.0,89.0,84.0,113.46,,29.0
North Macedonia,2013.0,15.0,9.0,4.22,,28.0
Kyrgyzstan,2013.0,51.0,49.0,8.56,0.0,27.0
Sudan,2013.0,78.0,75.0,2.01,,25.0
Belize,2013.0,17.0,14.0,40.75,,21.0
Central African Republic,2013.0,26.0,25.0,5.67,0.0,10.0
Melanesia,2013.0,307.0,285.0,29.24,1.0,10.0
Hungary,2013.0,40.0,32.0,3.22,0.0,9.0
Fiji,2013.0,61.0,57.0,65.41,1.0,7.0
Azerbaijan,2013.0,30.0,28.0,3.01,,5.0
Solomon Islands,2013.0,65.0,53.0,92.92,,3.0
South Africa,2013.0,1396.0,1264.0,23.54,99.0,3.0
Trinidad and Tobago,2013.0,35.0,25.0,18.67,8.0,3.0
Gabon,2013.0,105.0,102.0,56.1,,2.0
Congo,2013.0,143.0,102.0,22.15,38.0,1.0
Eswatini,2013.0,40.0,40.0,36.38,,1.0
Mauritius,2013.0,80.0,71.0,56.75,,1.0
Papua New Guinea,2013.0,159.0,159.0,20.4,,1.0
Poland,2013.0,120.0,40.0,1.04,63.0,1.0
Zimbabwe,2013.0,29.0,29.0,2.19,0.0,1.0
Albania,2013.0,35.0,35.0,12.08,,0.0
Algeria,2013.0,145.0,143.0,3.75,,0.0
Armenia,2013.0,7.0,7.0,2.31,,0.0
Austria,2013.0,54.0,45.0,5.23,7.0,0.0
Barbados,2013.0,6.0,5.0,17.67,,0.0
Belgium,2013.0,181.0,111.0,9.95,,0.0
Bosnia and Herzegovina,2013.0,11.0,11.0,3.03,,0.0
Botswana,2013.0,27.0,27.0,13.01,0.0,0.0
Cabo Verde,2013.0,53.0,39.0,77.02,,0.0
Canada,2013.0,697.0,632.0,17.92,27.0,0.0
"China, Hong Kong SAR",2013.0,511.0,497.0,70.06,0.0,0.0
"China, Macao SAR",2013.0,33.0,33.0,56.97,,0.0
Croatia,2013.0,12.0,12.0,2.68,,0.0
Czechia,2013.0,82.0,75.0,7.04,,0.0
Denmark,2013.0,32.0,25.0,4.45,0.0,0.0
Finland,2013.0,25.0,25.0,4.52,,0.0
Germany,2013.0,416.0,397.0,4.8,0.0,0.0
Grenada,2013.0,1.0,1.0,8.49,,0.0
Israel,2013.0,131.0,129.0,16.74,,0.0
Jamaica,2013.0,123.0,107.0,37.48,12.0,0.0
Jordan,2013.0,185.0,184.0,21.6,,0.0
Lebanon,2013.0,85.0,85.0,14.43,,0.0
Libya,2013.0,173.0,133.0,21.02,,0.0
Namibia,2013.0,22.0,21.0,9.41,,0.0
Netherlands,2013.0,102.0,57.0,3.41,,0.0
New Zealand,2013.0,42.0,41.0,8.99,2.0,0.0
Polynesia,2013.0,11.0,10.0,22.27,,0.0
Republic of Moldova,2013.0,15.0,15.0,3.58,,0.0
Saint Vincent and the Grenadines,2013.0,4.0,3.0,27.36,,0.0
Samoa,2013.0,0.0,0.0,1.21,,0.0
Saudi Arabia,2013.0,1571.0,1554.0,53.9,,0.0
Slovakia,2013.0,24.0,15.0,2.7,0.0,0.0
Slovenia,2013.0,9.0,8.0,3.96,0.0,0.0
Sweden,2013.0,60.0,58.0,6.06,,0.0
Switzerland,2013.0,121.0,20.0,2.51,,0.0
Syrian Arab Republic,2013.0,307.0,285.0,14.58,14.0,0.0
United Arab Emirates,2013.0,905.0,436.0,47.36,,0.0
United Kingdom of Great Britain and Northern Ireland,2013.0,653.0,492.0,7.76,104.0,0.0
Yemen,2013.0,619.0,619.0,24.6,0.0,0.0
Antigua and Barbuda,2013.0,1.0,1.0,8.72,0.0,
Bahamas,2013.0,12.0,9.0,24.28,1.0,
Belarus,2013.0,27.0,27.0,2.83,,
Cyprus,2013.0,6.0,6.0,4.94,,
Djibouti,2013.0,93.0,38.0,42.97,,
Dominica,2013.0,1.0,1.0,17.2,,
Estonia,2013.0,3.0,3.0,2.59,,
French Polynesia,2013.0,11.0,10.0,37.17,,
Georgia,2013.0,11.0,11.0,2.75,,
Iceland,2013.0,1.0,1.0,3.77,,
Ireland,2013.0,20.0,14.0,3.03,,
Kiribati,2013.0,9.0,7.0,68.65,,
Kuwait,2013.0,166.0,155.0,43.89,,
Latvia,2013.0,5.0,5.0,2.24,,
Lesotho,2013.0,5.0,5.0,2.39,,
Lithuania,2013.0,9.0,9.0,3.09,,
Luxembourg,2013.0,2.0,2.0,4.43,,
Maldives,2013.0,26.0,22.0,51.77,,
Malta,2013.0,2.0,2.0,4.99,,
Micronesia,2013.0,9.0,7.0,68.65,,
Mongolia,2013.0,21.0,21.0,7.15,,
Montenegro,2013.0,1.0,1.0,2.36,,
New Caledonia,2013.0,12.0,6.0,21.06,,
Norway,2013.0,24.0,23.0,4.47,,
Oman,2013.0,199.0,198.0,52.62,,
Saint Kitts and Nevis,2013.0,1.0,1.0,20.82,,
Saint Lucia,2013.0,4.0,2.0,13.13,,
Sao Tome and Principe,2013.0,7.0,7.0,36.47,,
Serbia,2013.0,12.0,12.0,1.23,,
Seychelles,2013.0,7.0,4.0,46.46,,
Tunisia,2013.0,13.0,13.0,1.17,,
Vanuatu,2013.0,11.0,11.0,42.26,,
China,2012.0,197710.0,175061.0,123.7,1148.0,205936.0
India,2012.0,141509.0,130470.0,103.07,656.0,157800.0
Indonesia,2012.0,56821.0,50980.0,205.19,0.0,59705.0
Bangladesh,2012.0,51513.0,39873.0,264.05,11.0,50497.0
Viet Nam,2012.0,27998.0,20583.0,229.2,113.0,43738.0
Thailand,2012.0,20490.0,11736.0,173.01,1107.0,38100.0
Myanmar,2012.0,25678.0,10056.0,195.59,4333.0,26217.0
Philippines,2012.0,18572.0,17527.0,180.3,6.0,18033.0
Brazil,2012.0,11516.0,8926.0,44.79,1251.0,11550.0
Japan,2012.0,12222.0,10878.0,84.71,514.0,11091.0
Cambodia,2012.0,8591.0,3527.0,238.64,0.0,9291.0
United States of America,2012.0,5188.0,3260.0,10.27,911.0,9051.0
Pakistan,2012.0,4673.0,3615.0,19.3,18.0,8304.0
Egypt,2012.0,5339.0,4953.0,57.31,4.0,5911.0
Nigeria,2012.0,8355.0,8076.0,48.29,0.0,5433.0
Republic of Korea,2012.0,6541.0,6085.0,121.55,30.0,5405.0
Nepal,2012.0,5460.0,3594.0,133.15,18.0,5072.0
Madagascar,2012.0,4637.0,3388.0,151.62,0.0,4551.0
Sri Lanka,2012.0,3809.0,3426.0,166.85,8.0,3846.0
Lao People's Democratic Republic,2012.0,3238.0,1550.0,240.5,158.0,3489.0
Peru,2012.0,3288.0,2195.0,74.37,150.0,3043.0
Democratic People's Republic of Korea,2012.0,3214.0,2709.0,109.21,0.0,2861.0
Malaysia,2012.0,4326.0,3753.0,129.11,40.0,2599.0
Iran (Islamic Republic of),2012.0,3994.0,2968.0,39.28,30.0,2360.0
Colombia,2012.0,2328.0,1882.0,40.85,177.0,2318.0
Mali,2012.0,2447.0,1093.0,68.43,,2076.0
Guinea,2012.0,2333.0,1430.0,134.28,0.0,1919.0
United Republic of Tanzania,2012.0,1642.0,1547.0,32.87,0.0,1801.0
Other non-specified areas,2012.0,1825.0,1615.0,69.16,54.0,1700.0
Italy,2012.0,578.0,460.0,7.56,35.0,1601.0
Argentina,2012.0,599.0,433.0,10.36,70.0,1568.0
Ecuador,2012.0,1608.0,924.0,59.69,60.0,1566.0
Côte d'Ivoire,2012.0,3618.0,2851.0,132.32,47.0,1562.0
Uruguay,2012.0,110.0,56.0,16.59,,1424.0
Sierra Leone,2012.0,1376.0,1048.0,156.06,2.0,1141.0
Russian Federation,2012.0,898.0,800.0,5.59,,1052.0
Venezuela (Bolivarian Republic of),2012.0,1488.0,1044.0,35.55,0.0,1046.0
Australia,2012.0,457.0,339.0,14.8,2.0,919.0
Australia and New Zealand,2012.0,497.0,378.0,13.8,3.0,919.0
Spain,2012.0,656.0,557.0,11.92,50.0,900.0
Turkey,2012.0,1115.0,1071.0,14.35,,880.0
Dominican Republic,2012.0,800.0,712.0,71.69,40.0,664.0
Guyana,2012.0,551.0,85.0,112.87,2.0,649.0
Democratic Republic of the Congo,2012.0,816.0,741.0,10.74,,645.0
Cuba,2012.0,1175.0,998.0,88.64,,642.0
Afghanistan,2012.0,675.0,610.0,19.57,0.0,500.0
Ghana,2012.0,1109.0,1005.0,38.66,0.0,481.0
Bolivia (Plurinational State of),2012.0,462.0,416.0,40.11,0.0,475.0
Senegal,2012.0,1653.0,1476.0,110.14,1.0,470.0
Nicaragua,2012.0,439.0,386.0,64.57,,419.0
Paraguay,2012.0,85.0,65.0,10.14,,396.0
Iraq,2012.0,2201.0,1441.0,52.67,0.0,361.0
Kazakhstan,2012.0,309.0,214.0,12.79,,351.0
Uzbekistan,2012.0,306.0,276.0,9.36,2.0,326.0
Burkina Faso,2012.0,486.0,461.0,27.81,0.0,319.0
Liberia,2012.0,526.0,457.0,110.38,1.0,297.0
Panama,2012.0,431.0,422.0,111.86,,248.0
Greece,2012.0,62.0,43.0,3.9,6.0,231.0
Suriname,2012.0,138.0,56.0,102.92,9.0,224.0
Benin,2012.0,1170.0,789.0,81.05,9.0,217.0
Costa Rica,2012.0,343.0,322.0,68.62,,214.0
Uganda,2012.0,247.0,234.0,6.77,0.0,212.0
Mozambique,2012.0,878.0,821.0,33.03,16.0,203.0
Guinea-Bissau,2012.0,237.0,211.0,131.72,,199.0
Chad,2012.0,194.0,156.0,12.2,0.0,189.0
Portugal,2012.0,247.0,235.0,22.3,,187.0
Mauritania,2012.0,258.0,249.0,67.08,,184.0
Cameroon,2012.0,995.0,797.0,37.08,0.0,182.0
Mexico,2012.0,1231.0,1000.0,8.53,175.0,179.0
Togo,2012.0,266.0,198.0,29.28,0.0,161.0
Ukraine,2012.0,212.0,200.0,4.4,,160.0
Chile,2012.0,316.0,227.0,13.04,54.0,150.0
Haiti,2012.0,707.0,690.0,67.28,0.0,148.0
Kenya,2012.0,837.0,825.0,18.6,0.0,138.0
Turkmenistan,2012.0,172.0,90.0,17.0,,129.0
France,2012.0,643.0,489.0,7.65,2.0,123.0
Ethiopia,2012.0,224.0,219.0,2.36,0.0,121.0
Timor-Leste,2012.0,131.0,114.0,100.9,,119.0
Malawi,2012.0,103.0,98.0,6.34,0.0,111.0
Rwanda,2012.0,157.0,148.0,14.06,0.0,84.0
Tajikistan,2012.0,123.0,92.0,11.73,0.0,82.0
Niger,2012.0,443.0,436.0,24.51,0.0,71.0
Morocco,2012.0,100.0,92.0,2.76,,70.0
Bulgaria,2012.0,22.0,16.0,2.22,0.0,55.0
Gambia,2012.0,145.0,123.0,64.69,,54.0
Honduras,2012.0,205.0,186.0,21.51,12.0,54.0
Romania,2012.0,99.0,90.0,4.15,,51.0
Zambia,2012.0,45.0,38.0,2.62,0.0,45.0
Central African Republic,2012.0,47.0,42.0,9.54,0.0,42.0
Guatemala,2012.0,134.0,131.0,8.58,0.0,31.0
El Salvador,2012.0,105.0,82.0,13.16,21.0,28.0
Comoros,2012.0,86.0,82.0,113.33,,27.0
North Macedonia,2012.0,13.0,7.0,3.49,,24.0
Sudan,2012.0,76.0,73.0,2.0,,24.0
Kyrgyzstan,2012.0,52.0,51.0,9.03,0.0,23.0
Angola,2012.0,562.0,486.0,19.37,0.0,21.0
Belize,2012.0,16.0,14.0,42.86,,12.0
Hungary,2012.0,46.0,38.0,3.76,0.0,11.0
Melanesia,2012.0,301.0,280.0,29.26,1.0,8.0
Fiji,2012.0,62.0,57.0,65.66,1.0,5.0
Azerbaijan,2012.0,26.0,24.0,2.63,,4.0
Solomon Islands,2012.0,62.0,52.0,92.9,,3.0
South Africa,2012.0,1331.0,1195.0,22.62,107.0,3.0
Gabon,2012.0,99.0,96.0,54.85,,2.0
Trinidad and Tobago,2012.0,37.0,28.0,20.73,8.0,2.0
Congo,2012.0,130.0,96.0,21.3,33.0,1.0
Eswatini,2012.0,34.0,34.0,31.51,,1.0
Mauritius,2012.0,81.0,74.0,59.26,,1.0
Papua New Guinea,2012.0,155.0,155.0,20.28,,1.0
Poland,2012.0,120.0,49.0,1.27,59.0,1.0
Zimbabwe,2012.0,36.0,36.0,2.74,0.0,1.0
Albania,2012.0,33.0,33.0,11.36,,0.0
Algeria,2012.0,156.0,154.0,4.11,,0.0
Armenia,2012.0,5.0,5.0,1.84,,0.0
Austria,2012.0,54.0,45.0,5.29,7.0,0.0
Barbados,2012.0,5.0,4.0,15.33,,0.0
Belgium,2012.0,183.0,114.0,10.3,,0.0
Bosnia and Herzegovina,2012.0,11.0,11.0,3.16,,0.0
Botswana,2012.0,26.0,26.0,12.77,0.0,0.0
Cabo Verde,2012.0,53.0,40.0,78.28,,0.0
Canada,2012.0,517.0,470.0,13.46,15.0,0.0
"China, Hong Kong SAR",2012.0,467.0,452.0,64.2,0.0,0.0
"China, Macao SAR",2012.0,33.0,33.0,58.03,,0.0
Croatia,2012.0,11.0,11.0,2.61,,0.0
Czechia,2012.0,78.0,72.0,6.76,,0.0
Denmark,2012.0,35.0,26.0,4.7,0.0,0.0
Finland,2012.0,26.0,25.0,4.53,,0.0
Germany,2012.0,415.0,395.0,4.77,0.0,0.0
Grenada,2012.0,2.0,1.0,10.11,,0.0
Iceland,2012.0,1.0,1.0,3.71,,0.0
Israel,2012.0,127.0,125.0,16.4,,0.0
Jamaica,2012.0,128.0,111.0,39.16,12.0,0.0
Jordan,2012.0,176.0,176.0,21.71,,0.0
Lebanon,2012.0,82.0,78.0,14.14,,0.0
Libya,2012.0,177.0,131.0,20.82,,0.0
Namibia,2012.0,19.0,18.0,8.33,,0.0
Netherlands,2012.0,101.0,56.0,3.36,,0.0
New Zealand,2012.0,40.0,39.0,8.72,1.0,0.0
Polynesia,2012.0,11.0,10.0,22.32,,0.0
Republic of Moldova,2012.0,14.0,14.0,3.48,,0.0
Saint Vincent and the Grenadines,2012.0,5.0,2.0,20.81,,0.0
Samoa,2012.0,1.0,1.0,4.4,,0.0
Saudi Arabia,2012.0,1559.0,1549.0,54.75,,0.0
Slovakia,2012.0,24.0,13.0,2.47,0.0,0.0
Slovenia,2012.0,8.0,7.0,3.5,0.0,0.0
Sweden,2012.0,58.0,56.0,5.92,,0.0
Switzerland,2012.0,117.0,26.0,3.27,,0.0
Syrian Arab Republic,2012.0,341.0,325.0,15.92,16.0,0.0
United Arab Emirates,2012.0,939.0,429.0,46.93,,0.0
United Kingdom of Great Britain and Northern Ireland,2012.0,710.0,534.0,8.47,103.0,0.0
Yemen,2012.0,619.0,619.0,25.29,0.0,0.0
Antigua and Barbuda,2012.0,1.0,1.0,9.47,0.0,
Bahamas,2012.0,12.0,8.0,23.33,2.0,
Belarus,2012.0,28.0,27.0,2.92,,
Cyprus,2012.0,6.0,6.0,5.03,,
Djibouti,2012.0,62.0,37.0,43.14,,
Dominica,2012.0,1.0,1.0,7.86,,
Estonia,2012.0,3.0,3.0,2.7,,
French Polynesia,2012.0,10.0,9.0,34.91,,
Georgia,2012.0,10.0,9.0,2.26,,
Ireland,2012.0,21.0,15.0,3.2,,
Kiribati,2012.0,9.0,7.0,67.52,,
Kuwait,2012.0,211.0,200.0,59.58,,
Latvia,2012.0,4.0,4.0,2.06,,
Lesotho,2012.0,10.0,10.0,4.99,,
Lithuania,2012.0,9.0,9.0,2.91,,
Luxembourg,2012.0,3.0,2.0,4.6,,
Maldives,2012.0,24.0,21.0,51.89,,
Malta,2012.0,2.0,2.0,4.71,,
Micronesia,2012.0,9.0,7.0,67.52,,
Mongolia,2012.0,33.0,33.0,11.68,,
Montenegro,2012.0,1.0,1.0,2.25,,
New Caledonia,2012.0,10.0,5.0,19.84,,
Norway,2012.0,23.0,22.0,4.45,,
Oman,2012.0,188.0,185.0,52.89,,
Saint Kitts and Nevis,2012.0,1.0,1.0,19.54,,
Saint Lucia,2012.0,4.0,2.0,11.89,,
Sao Tome and Principe,2012.0,10.0,8.0,41.84,,
Serbia,2012.0,13.0,13.0,1.35,,
Seychelles,2012.0,7.0,5.0,49.33,,
Tunisia,2012.0,13.0,13.0,1.17,,
Vanuatu,2012.0,12.0,11.0,45.91,,
China,2011.0,195287.0,173153.0,123.04,1162.0,202667.0
India,2011.0,148011.0,136512.0,109.18,832.0,157900.0
Indonesia,2011.0,56461.0,50568.0,206.3,0.0,58259.0
Bangladesh,2011.0,52629.0,39455.0,264.31,11.0,50627.0
Viet Nam,2011.0,30257.0,20492.0,230.58,125.0,42398.0
Thailand,2011.0,21122.0,11590.0,171.65,1087.0,38103.0
Myanmar,2011.0,27710.0,9972.0,195.57,4603.0,28552.0
Philippines,2011.0,17909.0,16929.0,177.14,4.0,16684.0
Brazil,2011.0,11940.0,9141.0,46.28,1238.0,13477.0
Japan,2011.0,11210.0,9957.0,77.49,503.0,10707.0
Pakistan,2011.0,4836.0,3595.0,19.61,22.0,9241.0
Cambodia,2011.0,8308.0,3431.0,235.93,0.0,8779.0
United States of America,2011.0,4565.0,3189.0,10.13,774.0,8389.0
Egypt,2011.0,5498.0,4867.0,57.58,2.0,5675.0
Republic of Korea,2011.0,6938.0,6423.0,129.01,31.0,5616.0
Nigeria,2011.0,7902.0,7664.0,47.08,0.0,4613.0
Nepal,2011.0,5081.0,3602.0,133.19,15.0,4460.0
Madagascar,2011.0,4542.0,3334.0,153.33,0.0,4300.0
Sri Lanka,2011.0,3781.0,3393.0,166.36,4.0,3895.0
Lao People's Democratic Republic,2011.0,3138.0,1517.0,238.92,157.0,3066.0
Peru,2011.0,3080.0,2147.0,73.37,128.0,2624.0
Malaysia,2011.0,4325.0,3805.0,132.81,41.0,2576.0
Democratic People's Republic of Korea,2011.0,3167.0,2688.0,108.96,0.0,2479.0
United Republic of Tanzania,2011.0,1576.0,1468.0,32.15,0.0,2248.0
Colombia,2011.0,2249.0,1853.0,40.58,168.0,2010.0
Iran (Islamic Republic of),2011.0,3689.0,2858.0,38.29,29.0,1893.0
Guinea,2011.0,2140.0,1340.0,128.61,0.0,1793.0
Argentina,2011.0,664.0,527.0,12.76,33.0,1748.0
Mali,2011.0,1896.0,930.0,59.94,,1741.0
Other non-specified areas,2011.0,1796.0,1613.0,69.31,55.0,1666.0
Uruguay,2011.0,120.0,57.0,16.92,,1643.0
Italy,2011.0,594.0,472.0,7.77,28.0,1490.0
Ecuador,2011.0,1471.0,884.0,58.01,58.0,1478.0
Sierra Leone,2011.0,1308.0,1006.0,153.32,1.0,1129.0
Russian Federation,2011.0,1144.0,1048.0,7.31,,1056.0
Venezuela (Bolivarian Republic of),2011.0,1399.0,1183.0,40.95,0.0,1018.0
Spain,2011.0,657.0,578.0,12.43,33.0,928.0
Turkey,2011.0,1118.0,1066.0,14.51,,900.0
Dominican Republic,2011.0,804.0,701.0,71.47,42.0,875.0
Côte d'Ivoire,2011.0,3541.0,2942.0,139.92,59.0,873.0
Australia,2011.0,493.0,345.0,15.32,3.0,723.0
Australia and New Zealand,2011.0,524.0,375.0,13.91,5.0,723.0
Democratic Republic of the Congo,2011.0,766.0,687.0,10.29,,709.0
Afghanistan,2011.0,742.0,671.0,22.27,0.0,672.0
Guyana,2011.0,554.0,86.0,114.55,2.0,619.0
Cuba,2011.0,1111.0,881.0,78.44,,566.0
Ghana,2011.0,1161.0,1053.0,41.49,0.0,464.0
Bolivia (Plurinational State of),2011.0,449.0,401.0,39.23,0.0,428.0
Nicaragua,2011.0,425.0,369.0,62.51,,413.0
Paraguay,2011.0,79.0,58.0,9.16,,408.0
Senegal,2011.0,1527.0,1422.0,109.08,1.0,406.0
Kazakhstan,2011.0,306.0,214.0,12.96,,347.0
Liberia,2011.0,528.0,459.0,114.32,1.0,291.0
Panama,2011.0,372.0,354.0,95.55,,291.0
Costa Rica,2011.0,345.0,319.0,68.78,,279.0
Mozambique,2011.0,799.0,724.0,29.93,19.0,271.0
Greece,2011.0,85.0,57.0,5.16,7.0,251.0
Burkina Faso,2011.0,510.0,481.0,29.93,0.0,241.0
Iraq,2011.0,1790.0,1322.0,50.15,0.0,235.0
Suriname,2011.0,151.0,55.0,103.13,10.0,235.0
Uganda,2011.0,241.0,227.0,6.77,0.0,233.0
Benin,2011.0,1043.0,846.0,89.37,8.0,220.0
Portugal,2011.0,241.0,229.0,21.71,,185.0
Guinea-Bissau,2011.0,235.0,212.0,135.66,,175.0
Cameroon,2011.0,961.0,778.0,37.2,0.0,174.0
Chad,2011.0,188.0,154.0,12.44,0.0,173.0
Mexico,2011.0,1203.0,980.0,8.47,172.0,173.0
Ukraine,2011.0,219.0,206.0,4.51,,170.0
Mauritania,2011.0,251.0,243.0,67.43,,158.0
Haiti,2011.0,679.0,662.0,65.57,0.0,145.0
Chile,2011.0,299.0,222.0,12.87,49.0,130.0
France,2011.0,662.0,518.0,8.14,2.0,128.0
Uzbekistan,2011.0,229.0,217.0,7.48,1.0,120.0
Malawi,2011.0,117.0,111.0,7.4,0.0,118.0
Togo,2011.0,249.0,205.0,31.05,0.0,112.0
Kenya,2011.0,482.0,473.0,10.97,0.0,111.0
Timor-Leste,2011.0,119.0,105.0,94.4,,98.0
Ethiopia,2011.0,212.0,208.0,2.3,0.0,89.0
Rwanda,2011.0,135.0,127.0,12.33,0.0,81.0
Tajikistan,2011.0,96.0,91.0,11.81,0.0,77.0
Niger,2011.0,394.0,386.0,22.58,0.0,74.0
Romania,2011.0,93.0,81.0,3.73,,65.0
Bulgaria,2011.0,50.0,33.0,4.44,0.0,60.0
Gambia,2011.0,143.0,122.0,66.04,,51.0
Honduras,2011.0,199.0,182.0,21.5,10.0,49.0
Zambia,2011.0,52.0,44.0,3.16,0.0,49.0
Central African Republic,2011.0,48.0,43.0,9.81,0.0,40.0
Guatemala,2011.0,133.0,129.0,8.62,0.0,30.0
Comoros,2011.0,83.0,79.0,111.48,,27.0
North Macedonia,2011.0,16.0,9.0,4.17,,27.0
El Salvador,2011.0,111.0,91.0,14.66,18.0,26.0
Angola,2011.0,408.0,355.0,14.64,0.0,23.0
Turkmenistan,2011.0,82.0,78.0,15.03,,23.0
Belize,2011.0,17.0,14.0,43.59,,19.0
Kyrgyzstan,2011.0,54.0,52.0,9.48,0.0,19.0
Morocco,2011.0,38.0,35.0,1.08,,18.0
Melanesia,2011.0,279.0,259.0,27.65,0.0,12.0
Hungary,2011.0,53.0,42.0,4.15,0.0,9.0
Fiji,2011.0,62.0,56.0,65.14,0.0,8.0
Azerbaijan,2011.0,31.0,30.0,3.26,,4.0
Solomon Islands,2011.0,58.0,50.0,93.0,,3.0
South Africa,2011.0,1291.0,1177.0,22.63,73.0,3.0
Trinidad and Tobago,2011.0,33.0,27.0,20.45,4.0,3.0
Congo,2011.0,117.0,92.0,20.98,22.0,1.0
Eswatini,2011.0,41.0,40.0,37.18,,1.0
Gabon,2011.0,94.0,92.0,54.64,,1.0
Papua New Guinea,2011.0,136.0,136.0,18.24,,1.0
Zimbabwe,2011.0,25.0,25.0,1.94,0.0,1.0
Albania,2011.0,29.0,29.0,9.97,,0.0
Algeria,2011.0,144.0,138.0,3.78,,0.0
Armenia,2011.0,11.0,11.0,3.83,,0.0
Austria,2011.0,53.0,44.0,5.23,7.0,0.0
Barbados,2011.0,5.0,4.0,15.52,,0.0
Belgium,2011.0,172.0,109.0,9.86,,0.0
Bosnia and Herzegovina,2011.0,11.0,11.0,2.98,,0.0
Botswana,2011.0,23.0,23.0,11.49,0.0,0.0
Cabo Verde,2011.0,51.0,39.0,77.19,,0.0
Canada,2011.0,517.0,464.0,13.44,15.0,0.0
"China, Hong Kong SAR",2011.0,524.0,506.0,72.15,0.0,0.0
"China, Macao SAR",2011.0,34.0,34.0,62.25,,0.0
Croatia,2011.0,11.0,11.0,2.48,,0.0
Czechia,2011.0,74.0,69.0,6.52,,0.0
Denmark,2011.0,37.0,34.0,6.0,0.0,0.0
Finland,2011.0,25.0,24.0,4.54,,0.0
Germany,2011.0,414.0,389.0,4.69,0.0,0.0
Grenada,2011.0,1.0,1.0,8.51,,0.0
Iceland,2011.0,1.0,1.0,3.69,,0.0
Israel,2011.0,124.0,124.0,16.52,,0.0
Jamaica,2011.0,124.0,107.0,37.71,12.0,0.0
Jordan,2011.0,167.0,167.0,21.83,,0.0
Lebanon,2011.0,77.0,77.0,14.73,,0.0
Libya,2011.0,141.0,107.0,17.12,,0.0
Mauritius,2011.0,104.0,98.0,78.05,,0.0
Namibia,2011.0,20.0,19.0,8.97,,0.0
Netherlands,2011.0,109.0,60.0,3.62,,0.0
New Zealand,2011.0,31.0,30.0,6.71,1.0,0.0
Poland,2011.0,127.0,52.0,1.37,62.0,0.0
Polynesia,2011.0,12.0,11.0,23.63,,0.0
Republic of Moldova,2011.0,14.0,14.0,3.49,,0.0
Saint Vincent and the Grenadines,2011.0,4.0,3.0,26.47,,0.0
Samoa,2011.0,2.0,1.0,7.61,,0.0
Saudi Arabia,2011.0,1519.0,1507.0,54.29,,0.0
Slovakia,2011.0,19.0,13.0,2.39,0.0,0.0
Slovenia,2011.0,8.0,7.0,3.39,0.0,0.0
Sweden,2011.0,62.0,60.0,6.33,,0.0
Switzerland,2011.0,122.0,30.0,3.83,,0.0
Syrian Arab Republic,2011.0,300.0,279.0,13.26,21.0,0.0
United Arab Emirates,2011.0,898.0,414.0,46.32,,0.0
United Kingdom of Great Britain and Northern Ireland,2011.0,679.0,519.0,8.28,100.0,0.0
Yemen,2011.0,588.0,588.0,24.68,0.0,0.0
Antigua and Barbuda,2011.0,1.0,1.0,11.3,0.0,
Bahamas,2011.0,11.0,8.0,22.68,2.0,
Belarus,2011.0,28.0,28.0,3.0,,
Cyprus,2011.0,6.0,6.0,4.98,,
Djibouti,2011.0,48.0,38.0,44.07,,
Dominica,2011.0,1.0,1.0,8.83,,
Estonia,2011.0,3.0,3.0,2.54,,
French Polynesia,2011.0,10.0,9.0,34.8,,
Georgia,2011.0,11.0,11.0,2.65,,
Ireland,2011.0,20.0,14.0,3.09,,
Kiribati,2011.0,8.0,7.0,65.74,,
Kuwait,2011.0,294.0,174.0,54.98,,
Latvia,2011.0,8.0,8.0,3.81,,
Lesotho,2011.0,12.0,12.0,5.99,,
Lithuania,2011.0,10.0,10.0,3.3,,
Luxembourg,2011.0,3.0,2.0,4.55,,
Maldives,2011.0,24.0,20.0,52.08,,
Malta,2011.0,2.0,2.0,4.48,,
Micronesia,2011.0,8.0,7.0,65.74,,
Mongolia,2011.0,19.0,19.0,6.75,,
Montenegro,2011.0,1.0,1.0,2.11,,
New Caledonia,2011.0,11.0,5.0,20.98,,
Norway,2011.0,23.0,22.0,4.45,,
Oman,2011.0,173.0,171.0,52.75,,
Saint Kitts and Nevis,2011.0,1.0,1.0,19.04,,
Saint Lucia,2011.0,3.0,2.0,11.98,,
Sao Tome and Principe,2011.0,9.0,6.0,34.7,,
Serbia,2011.0,14.0,14.0,1.45,,
Seychelles,2011.0,6.0,5.0,50.03,,
Tunisia,2011.0,13.0,12.0,1.15,,
Vanuatu,2011.0,11.0,11.0,44.94,,
China,2010.0,194041.0,172379.0,123.17,1100.0,197212.0
India,2010.0,136140.0,127670.0,103.44,801.0,143963.0
Indonesia,2010.0,55848.0,50089.0,207.12,0.0,59283.0
Bangladesh,2010.0,50118.0,38366.0,259.98,9.0,50061.0
Viet Nam,2010.0,28636.0,20361.0,231.46,130.0,40006.0
Thailand,2010.0,21269.0,12058.0,179.45,1282.0,35703.0
Myanmar,2010.0,29979.0,10130.0,200.19,4762.0,32065.0
Philippines,2010.0,17635.0,16245.0,172.88,4.0,15772.0
Brazil,2010.0,11648.0,9126.0,46.63,1219.0,11236.0
United States of America,2010.0,6310.0,3289.0,10.53,880.0,11027.0
Japan,2010.0,11562.0,10385.0,80.79,439.0,10692.0
Cambodia,2010.0,8064.0,3443.0,240.54,0.0,8245.0
Pakistan,2010.0,4832.0,3884.0,21.65,25.0,7235.0
Republic of Korea,2010.0,6764.0,6228.0,125.71,32.0,5811.0
Madagascar,2010.0,4538.0,3264.0,154.32,0.0,4738.0
Nigeria,2010.0,7304.0,7074.0,44.63,0.0,4473.0
Egypt,2010.0,5051.0,4748.0,57.37,11.0,4330.0
Sri Lanka,2010.0,3826.0,3403.0,167.94,3.0,4301.0
Nepal,2010.0,4901.0,3570.0,132.16,13.0,4024.0
Lao People's Democratic Republic,2010.0,3109.0,1483.0,237.37,155.0,3071.0
Peru,2010.0,3015.0,2062.0,71.05,124.0,2831.0
United Republic of Tanzania,2010.0,1509.0,1380.0,31.12,0.0,2650.0
Iran (Islamic Republic of),2010.0,4271.0,3182.0,43.14,32.0,2490.0
Malaysia,2010.0,4236.0,3801.0,134.76,41.0,2465.0
Democratic People's Republic of Korea,2010.0,3159.0,2769.0,112.8,0.0,2426.0
Colombia,2010.0,2258.0,1846.0,40.81,158.0,1988.0
Ecuador,2010.0,1586.0,895.0,59.6,57.0,1706.0
Guinea,2010.0,2163.0,1313.0,128.84,0.0,1614.0
Italy,2010.0,635.0,495.0,8.17,27.0,1516.0
Other non-specified areas,2010.0,1804.0,1593.0,68.72,52.0,1451.0
Mali,2010.0,1677.0,877.0,58.26,,1296.0
Argentina,2010.0,582.0,475.0,11.6,37.0,1243.0
Côte d'Ivoire,2010.0,3236.0,2638.0,128.46,50.0,1206.0
Uruguay,2010.0,124.0,57.0,16.9,,1149.0
Russian Federation,2010.0,1176.0,1074.0,7.48,,1061.0
Sierra Leone,2010.0,1239.0,974.0,151.86,1.0,1027.0
Spain,2010.0,619.0,536.0,11.62,31.0,928.0
Venezuela (Bolivarian Republic of),2010.0,1460.0,1395.0,49.06,4.0,900.0
Turkey,2010.0,1137.0,1081.0,14.95,,860.0
Dominican Republic,2010.0,851.0,751.0,77.41,42.0,850.0
Democratic Republic of the Congo,2010.0,794.0,706.0,10.93,,755.0
Afghanistan,2010.0,684.0,614.0,21.04,0.0,672.0
Senegal,2010.0,1411.0,1245.0,98.21,1.0,604.0
Guyana,2010.0,404.0,84.0,112.42,2.0,556.0
Ghana,2010.0,1103.0,986.0,39.78,0.0,492.0
Cuba,2010.0,886.0,717.0,63.83,,454.0
Nicaragua,2010.0,421.0,361.0,62.07,,454.0
Bolivia (Plurinational State of),2010.0,441.0,393.0,39.09,0.0,442.0
Kazakhstan,2010.0,294.0,200.0,12.3,,373.0
Paraguay,2010.0,68.0,52.0,8.32,,315.0
Liberia,2010.0,511.0,442.0,113.56,1.0,296.0
Panama,2010.0,359.0,340.0,93.3,,275.0
Burkina Faso,2010.0,366.0,345.0,22.13,0.0,271.0
Costa Rica,2010.0,354.0,330.0,72.18,,268.0
Mozambique,2010.0,735.0,663.0,28.18,18.0,258.0
Uzbekistan,2010.0,234.0,209.0,7.34,2.0,250.0
Greece,2010.0,91.0,56.0,5.08,6.0,230.0
Suriname,2010.0,134.0,54.0,102.8,7.0,227.0
Uganda,2010.0,232.0,218.0,6.73,0.0,218.0
Mexico,2010.0,1190.0,960.0,8.42,162.0,217.0
Guinea-Bissau,2010.0,238.0,211.0,138.76,,209.0
Australia,2010.0,520.0,373.0,16.83,4.0,197.0
Australia and New Zealand,2010.0,564.0,414.0,15.6,7.0,197.0
Chad,2010.0,189.0,152.0,12.74,0.0,186.0
Portugal,2010.0,241.0,230.0,21.74,,170.0
Iraq,2010.0,1481.0,1277.0,50.06,0.0,156.0
Cameroon,2010.0,869.0,701.0,34.48,0.0,153.0
Ukraine,2010.0,213.0,201.0,4.39,,148.0
Haiti,2010.0,673.0,657.0,66.05,0.0,141.0
Mauritania,2010.0,232.0,226.0,64.54,,134.0
Benin,2010.0,944.0,803.0,87.34,6.0,125.0
France,2010.0,619.0,489.0,7.73,2.0,114.0
Timor-Leste,2010.0,118.0,103.0,94.39,,113.0
Malawi,2010.0,109.0,104.0,7.13,0.0,110.0
Togo,2010.0,208.0,177.0,27.49,0.0,110.0
Niger,2010.0,368.0,370.0,22.47,0.0,103.0
Gambia,2010.0,144.0,120.0,66.86,,100.0
Chile,2010.0,299.0,216.0,12.68,51.0,95.0
Ethiopia,2010.0,186.0,182.0,2.08,0.0,90.0
Kenya,2010.0,396.0,389.0,9.26,0.0,86.0
Tajikistan,2010.0,94.0,89.0,11.83,0.0,77.0
Rwanda,2010.0,123.0,116.0,11.57,0.0,67.0
Romania,2010.0,92.0,80.0,3.66,,62.0
Bulgaria,2010.0,28.0,17.0,2.26,0.0,57.0
Zambia,2010.0,59.0,52.0,3.79,0.0,52.0
Morocco,2010.0,61.0,55.0,1.71,,51.0
Honduras,2010.0,187.0,170.0,20.38,12.0,42.0
Central African Republic,2010.0,49.0,45.0,10.21,0.0,39.0
El Salvador,2010.0,126.0,108.0,17.44,16.0,34.0
Turkmenistan,2010.0,80.0,74.0,14.48,,31.0
Guatemala,2010.0,135.0,131.0,8.93,0.0,30.0
North Macedonia,2010.0,17.0,8.0,3.68,,26.0
Comoros,2010.0,80.0,76.0,110.12,,24.0
Belize,2010.0,17.0,14.0,43.82,,21.0
Kyrgyzstan,2010.0,50.0,49.0,9.04,0.0,21.0
Angola,2010.0,417.0,363.0,15.52,0.0,18.0
Melanesia,2010.0,294.0,273.0,29.68,1.0,11.0
Fiji,2010.0,61.0,56.0,65.03,1.0,8.0
Hungary,2010.0,47.0,39.0,3.85,0.0,6.0
Azerbaijan,2010.0,28.0,27.0,2.97,,4.0
Solomon Islands,2010.0,59.0,49.0,93.14,,3.0
South Africa,2010.0,1238.0,1161.0,22.66,62.0,3.0
Trinidad and Tobago,2010.0,39.0,31.0,23.18,5.0,2.0
Congo,2010.0,118.0,97.0,22.71,20.0,1.0
Eswatini,2010.0,37.0,36.0,34.18,,1.0
Gabon,2010.0,90.0,88.0,54.19,,1.0
Papua New Guinea,2010.0,151.0,151.0,20.63,,1.0
Zimbabwe,2010.0,22.0,22.0,1.74,0.0,1.0
Albania,2010.0,34.0,34.0,11.59,,0.0
Algeria,2010.0,142.0,141.0,3.91,,0.0
Armenia,2010.0,14.0,14.0,5.02,,0.0
Austria,2010.0,53.0,44.0,5.2,7.0,0.0
Barbados,2010.0,6.0,5.0,16.32,,0.0
Belgium,2010.0,194.0,117.0,10.69,,0.0
Bosnia and Herzegovina,2010.0,11.0,11.0,2.85,,0.0
Botswana,2010.0,30.0,30.0,15.02,0.0,0.0
Cabo Verde,2010.0,52.0,38.0,76.55,,0.0
Canada,2010.0,496.0,453.0,13.25,17.0,0.0
"China, Hong Kong SAR",2010.0,515.0,496.0,71.27,0.0,0.0
"China, Macao SAR",2010.0,35.0,35.0,65.2,,0.0
Croatia,2010.0,11.0,11.0,2.43,,0.0
Czechia,2010.0,71.0,67.0,6.34,,0.0
Denmark,2010.0,33.0,30.0,5.45,0.0,0.0
Finland,2010.0,25.0,24.0,4.56,,0.0
Germany,2010.0,382.0,353.0,4.25,0.0,0.0
Grenada,2010.0,1.0,1.0,6.64,,0.0
Iceland,2010.0,1.0,1.0,3.72,,0.0
Israel,2010.0,122.0,121.0,16.41,,0.0
Jamaica,2010.0,129.0,115.0,40.99,11.0,0.0
Jordan,2010.0,160.0,159.0,21.95,,0.0
Lebanon,2010.0,71.0,71.0,14.35,,0.0
Libya,2010.0,75.0,63.0,10.1,,0.0
Mauritius,2010.0,122.0,114.0,91.12,,0.0
Namibia,2010.0,19.0,18.0,8.63,,0.0
Netherlands,2010.0,113.0,51.0,3.08,,0.0
New Zealand,2010.0,44.0,41.0,9.37,3.0,0.0
Poland,2010.0,105.0,33.0,0.85,62.0,0.0
Polynesia,2010.0,12.0,11.0,23.89,,0.0
Republic of Moldova,2010.0,17.0,17.0,4.22,,0.0
Saint Vincent and the Grenadines,2010.0,3.0,3.0,26.11,,0.0
Samoa,2010.0,2.0,1.0,7.26,,0.0
Saudi Arabia,2010.0,1515.0,1504.0,55.17,,0.0
Slovakia,2010.0,25.0,13.0,2.48,0.0,0.0
Slovenia,2010.0,8.0,7.0,3.31,0.0,0.0
Sweden,2010.0,60.0,59.0,6.28,,0.0
Switzerland,2010.0,113.0,31.0,3.96,,0.0
Syrian Arab Republic,2010.0,497.0,470.0,22.02,27.0,0.0
United Arab Emirates,2010.0,870.0,405.0,47.36,,0.0
United Kingdom of Great Britain and Northern Ireland,2010.0,692.0,529.0,8.49,94.0,0.0
Yemen,2010.0,539.0,539.0,23.28,0.0,0.0
Antigua and Barbuda,2010.0,1.0,1.0,13.13,0.0,
Bahamas,2010.0,11.0,8.0,21.98,3.0,
Belarus,2010.0,27.0,27.0,2.87,,
Cyprus,2010.0,6.0,6.0,5.13,,
Djibouti,2010.0,28.0,37.0,44.07,,
Dominica,2010.0,1.0,1.0,9.65,,
Estonia,2010.0,3.0,3.0,2.65,,
French Polynesia,2010.0,10.0,9.0,35.52,,
Georgia,2010.0,11.0,11.0,2.72,,
Ireland,2010.0,23.0,16.0,3.65,,
Kiribati,2010.0,8.0,7.0,66.31,,
Kuwait,2010.0,187.0,187.0,62.43,,
Latvia,2010.0,5.0,5.0,2.25,,
Lesotho,2010.0,12.0,12.0,5.91,,
Lithuania,2010.0,10.0,10.0,3.38,,
Luxembourg,2010.0,2.0,2.0,3.55,,
Maldives,2010.0,23.0,19.0,51.48,,
Malta,2010.0,2.0,2.0,4.73,,
Micronesia,2010.0,8.0,7.0,66.31,,
Mongolia,2010.0,18.0,18.0,6.52,,
Montenegro,2010.0,1.0,1.0,2.04,,
New Caledonia,2010.0,11.0,5.0,21.61,,
Norway,2010.0,22.0,22.0,4.45,,
Oman,2010.0,163.0,163.0,53.45,,
Saint Kitts and Nevis,2010.0,1.0,1.0,18.73,,
Saint Lucia,2010.0,4.0,2.0,13.8,,
Sao Tome and Principe,2010.0,9.0,6.0,34.26,,
Serbia,2010.0,13.0,13.0,1.32,,
Seychelles,2010.0,7.0,4.0,49.29,,
Tunisia,2010.0,12.0,12.0,1.16,,
Vanuatu,2010.0,12.0,11.0,47.82,,
